Time,Stouch_RA5C1,Stouch_RA6D1,Stouch_RA4P2,Stouch_RA5C2,Stouch_RA6D2,Stouch_RA4P3,Stouch_RA5C3,Stouch_RA6D3,Stouch_RA4P4,Stouch_RA5C4,Stouch_RA6D4,Stouch_RA4P5,Stouch_RA5C5,Stouch_RA6D5
0, 0, 0, 0, 0, 0, 0, 0, 0, 0, 0, 0, 0, 0, 0
0.001, 0, 0, 0, 0, 0, 0, 0, 0, 0, 0.142031, 0, 0, 0.0281129, 0.197436
0.004, 0, 0, 0, 0, 0, 0, 0, 0, 0, 0.0324754, 0, 0, 0.0348564, 0.0158078
0.009, 0, 0, 0, 0, 0, 0, 0, 0, 0, 0.01607, 0, 0, 0.0346158, 0.00175345
0.014, 0, 0, 0, 0, 0, 0, 0, 0, 0, 0.0091577, 0, 0, 0.0337041, 9.1666e-05
0.024, 0, 0, 0, 0, 0, 0, 0, 0, 0, 0.00435626, 0, 0, 0.0216703, 0
0.034, 0, 0, 0, 0, 0, 0, 0, 0, 0, 0.00139551, 0, 0, 0.0068335, 0
0.038, 0, 0, 0, 0, 0, 0, 0, 0, 0, 0.246385, 0, 0, 0.0676137, 0.208821
0.039, 0, 0, 0, 0, 0, 0, 0, 0, 0, 0.0560912, 0, 0, 0, 0
0.043, 0, 0, 0, 0, 0, 0, 0, 0, 0, 0, 0, 0, 0, 0
0.048, 0, 0, 0, 0, 0, 0, 0, 0, 0, 0, 0, 0, 0, 0
0.053, 0, 0, 0, 0, 0, 0, 0, 0, 0, 0, 0, 0, 0, 0
0.058, 0, 0, 0, 0, 0, 0, 0, 0, 0, 0, 0, 0, 0, 0
0.063, 0, 0, 0, 0, 0, 0, 0, 0, 0, 0, 0, 0, 0, 0
0.068, 0, 0, 0, 0, 0, 0, 0, 0, 0, 0, 0, 0, 0, 0
0.073, 0, 0, 0, 0, 0.0951629, 0, 0, 0, 0, 0, 0, 0, 0, 0
0.077, 0, 0, 0, 0, 2.39562, 0, 0, 0, 0, 0, 0, 0, 0, 0
0.078, 0, 0, 0, 0, 0.848366, 0, 0.275241, 0, 0, 0, 0, 0, 0, 0
0.081, 0, 0, 0, 0.122329, 1.11818, 0, 0.852194, 0, 0, 0, 0, 0, 0, 0
0.088, 0, 0, 0, 0.0528593, 0.777159, 0, 0.653784, 0, 0, 0.522339, 0, 0, 0, 0.550516
0.096, 0, 0, 0, 0.0469238, 0.958527, 0, 0.841786, 0.294454, 0, 0.556117, 0, 0, 0, 0.747579
0.098, 0, 0, 0, 0, 1.72334, 0, 3.05915, 0.0699795, 0, 2.86029, 0.059105, 0, 0, 1.23636
0.099, 0, 0, 0, 0, 0.388833, 0, 0.454157, 0.207448, 0, 0.38582, 0.207843, 0, 0, 0.213884
0.101, 0, 0, 0, 0, 1.34865, 0, 0.815741, 0.39899, 0, 0.591279, 0.396676, 0, 0, 0.524676
0.103, 0, 0, 0, 0, 0.516926, 0, 0.320986, 0.275699, 0, 0.25157, 0.229272, 0, 0, 0.176143
0.105, 0, 0, 0, 0, 1.224, 0, 0.561511, 0.519411, 0, 0.491485, 0.335345, 0, 0, 0.454184
0.108, 0, 0, 0, 0, 0.591095, 0, 0.210254, 0.461753, 0, 0.225401, 0.208162, 0, 0, 0.298034
0.111, 0, 0, 0, 0, 1.43238, 0, 0.31474, 0.802391, 0, 0.359624, 0.333536, 0, 0, 0.41668
0.113, 0, 0, 0, 0, 0.50301, 0, 0.0754772, 0.579416, 0, 0.138562, 0.176217, 0, 0, 0.135207
0.114, 0, 0, 0, 0, 1.41695, 0, 0.386395, 0.85017, 0, 0.406323, 0.329546, 0, 0, 0.395951
0.117, 0, 0, 0, 0, 0.497561, 0, 0.053541, 0.624405, 0, 0.107669, 0.186809, 0, 0, 0.132332
0.12, 0, 0, 0, 0, 1.50155, 0, 0.190689, 1.00025, 0, 0.306529, 0.387062, 0, 0, 0.443951
0.123, 0, 0, 0, 0, 0.432256, 0, 0.0273425, 0.579155, 0, 0.0817297, 0.160009, 0, 0, 0.111002
0.126, 0, 0, 0, 0, 1.60654, 0, 0.178709, 0.990042, 0, 0.322543, 0.381016, 0, 0, 0.46922
0.129, 0, 0, 0, 0, 0.357031, 0, 0.0139824, 0.498322, 0, 0.0715111, 0.119686, 0, 0, 0.0882318
0.13, 0, 0, 0, 0, 1.42683, 0, 0.322119, 0.874286, 0, 0.445086, 0.292691, 0, 0, 0.459907
0.133, 0, 0, 0, 0, 0.489696, 0, 0.0175651, 0.488981, 0, 0.112258, 0.112105, 0, 0, 0.125981
0.136, 0, 0, 0, 0, 1.53156, 0, 0.137203, 0.854812, 0, 0.354052, 0.269636, 0, 0, 0.441561
0.139, 0, 0, 0, 0, 0.407732, 0, 0.00776624, 0.387847, 0, 0.106588, 0.0836096, 0, 0, 0.102961
0.142, 0, 0, 0, 0, 1.65018, 0, 0.153119, 0.801606, 0, 0.39843, 0.260547, 0, 0, 0.477878
0.145, 0, 0, 0, 0, 0.322626, 0, 0.00134737, 0.275054, 0, 0.0944078, 0.0621515, 0, 0, 0.0801401
0.146, 0, 0, 0, 0, 1.46936, 0, 0.295438, 0.673515, 0, 0.483186, 0.229448, 0, 0, 0.470143
0.149, 0, 0, 0, 0, 0.449569, 0, 0.00645818, 0.292346, 0, 0.127652, 0.0729173, 0, 0, 0.116915
0.152, 0, 0, 0, 0, 1.58564, 0, 0.135925, 0.694504, 0, 0.392392, 0.23611, 0, 0, 0.458404
0.155, 0, 0, 0, 0, 0.362125, 0, 0.00565281, 0.227458, 0, 0.111999, 0.0577724, 0, 0, 0.0928426
0.158, 0, 0, 0, 0, 1.71203, 0, 0.176892, 0.67739, 0, 0.441313, 0.236054, 0, 0, 0.498429
0.161, 0, 0, 0, 0, 0.283374, 0, 0.00387445, 0.179723, 0, 0.102901, 0.0391816, 0, 0, 0.0723692
0.162, 0, 0, 0, 0, 1.50718, 0, 0.251764, 0.610511, 0, 0.529868, 0.203897, 0, 0, 0.483589
0.165, 0, 0, 0, 0, 0.41401, 0, 0.0240011, 0.197287, 0, 0.138815, 0.0510074, 0, 0, 0.109544
0.168, 0, 0, 0, 0, 1.69644, 0, 0.180195, 0.590538, 0, 0.444375, 0.207749, 0, 0, 0.472711
0.171, 0, 0, 0, 0, 0.29112, 0, 0.0174567, 0.145252, 0, 0.110608, 0.0346216, 0, 0, 0.0733701
0.175, 0, 0, 0, 0, 1.90342, 0, 0.228224, 0.619945, 0, 0.524915, 0.224918, 0, 0, 0.531322
0.178, 0, 0, 0, 0, 0.190936, 0, 0.0213676, 0.0924809, 0, 0.0849119, 0.0238057, 0, 0, 0.0438755
0.179, 0, 0, 0, 0, 1.78905, 0, 0.448944, 0.481813, 0, 0.61544, 0.203827, 0, 0, 0.52232
0.182, 0, 0, 0, 0, 0.240192, 0, 0.030493, 0.0997012, 0, 0.0981121, 0.0264037, 0, 0, 0.0591496
0.185, 0, 0, 0, 0, 1.976, 0, 0.382364, 0.529873, 0, 0.556989, 0.227666, 0, 0, 0.554141
0.188, 0, 0, 0, 0, 0.159208, 0, 0.029122, 0.0649871, 0, 0.0746664, 0.0203314, 0, 0, 0.035045
0.191, 0, 0, 0, 0, 2.11214, 0, 0.454789, 0.512724, 0, 0.597653, 0.241272, 0, 0, 0.592723
0.194, 0, 0, 0, 0, 0.114594, 0, 0.0277641, 0.0521875, 0, 0.0626221, 0.0178968, 0, 0, 0.023056
0.198, 0, 0, 0, 0, 2.02525, 0, 0.598072, 0.450607, 0, 0.64318, 0.250091, 0, 0, 0.618747
0.201, 0, 0, 0, 0, 0.137606, 0, 0.0581654, 0.0420775, 0, 0.0740283, 0.0203466, 0, 0, 0.031442
0.204, 0, 0, 0, 0, 1.97274, 0, 0.615505, 0.425953, 0, 0.632002, 0.246109, 0, 0, 0.606876
0.207, 0, 0, 0, 0, 0.155006, 0, 0.0767694, 0.033307, 0, 0.0793419, 0.0212665, 0, 0, 0.0379788
0.21, 0, 0, 0, 0, 1.94957, 0, 0.659361, 0.378817, 0, 0.624611, 0.242926, 0, 0, 0.598406
0.213, 0, 0, 0, 0, 0.162946, 0, 0.0886055, 0.0292702, 0, 0.0809542, 0.0215841, 0, 0, 0.0400453
0.214, 0, 0, 0, 0, 1.57657, 0, 0.761955, 0.280623, 0, 0.646958, 0.206219, 0, 0, 0.534837
0.217, 0, 0, 0, 0, 0.344441, 0, 0.159973, 0.0501765, 0, 0.138107, 0.0373748, 0, 0, 0.0977087
0.221, 0, 0, 0, 0, 1.66987, 0, 0.63081, 0.277297, 0, 0.53406, 0.204824, 0, 0, 0.505481
0.228, 0, 0, 0, 0, 0.27969, 0, 0.150602, 0.0320347, 0, 0.113314, 0.0297677, 0, 0, 0.0778798
0.235, 0, 0, 0, 0, 1.7936, 0, 0.761931, 0.22983, 0, 0.567565, 0.217872, 0, 0, 0.536024
0.236, 0, 0, 0, 0, 0.572275, 0, 0.121387, 0.0606531, 0, 0.0971493, 0.0468833, 0, 0, 0.121192
0.239, 0, 0, 0, 0, 1.34101, 0, 0.600899, 0.172341, 0, 0.444619, 0.166004, 0, 0, 0.407126
0.242, 0, 0, 0, 0, 0.56563, 0, 0.277362, 0.0583487, 0, 0.194476, 0.0618508, 0, 0, 0.153846
0.245, 0, 0, 0, 0, 1.4802, 0, 0.610814, 0.165231, 0, 0.452976, 0.165255, 0, 0, 0.411312
0.248, 0, 0, 0, 0, 0.455835, 0, 0.231554, 0.043972, 0, 0.161537, 0.0464027, 0, 0, 0.120306
0.251, 0, 0, 0, 0, 1.64857, 0, 0.680185, 0.174552, 0, 0.49899, 0.183006, 0, 0, 0.456873
0.254, 0, 0, 0, 0, 0.337642, 0, 0.178942, 0.03364, 0, 0.125503, 0.033437, 0, 0, 0.0852977
0.255, 0, 0, 0, 0, 1.61875, 0, 0.798348, 0.154013, 0, 0.583997, 0.172889, 0, 0, 0.464838
0.258, 0, 0, 0, 0, 0.352602, 0, 0.181218, 0.0335767, 0, 0.127059, 0.0335703, 0, 0, 0.0894854
0.261, 0, 0, 0, 0, 1.80796, 0, 0.738394, 0.188199, 0, 0.540718, 0.199182, 0, 0, 0.500649
0.264, 0, 0, 0, 0, 0.243854, 0, 0.129085, 0.0271994, 0, 0.0935599, 0.0234251, 0, 0, 0.0568246
0.267, 0, 0, 0, 0, 1.9855, 0, 0.809271, 0.207299, 0, 0.593612, 0.219021, 0, 0, 0.551389
0.27, 0, 0, 0, 0, 0.162596, 0, 0.0960922, 0.0220534, 0, 0.071481, 0.0179338, 0, 0, 0.0339244
0.271, 0, 0, 0, 0, 1.83292, 0, 0.924746, 0.169795, 0, 0.672045, 0.195126, 0, 0, 0.531783
0.274, 0, 0, 0, 0, 0.218678, 0, 0.117248, 0.0247558, 0, 0.0859994, 0.0202888, 0, 0, 0.0515923
0.277, 0, 0, 0, 0, 1.84257, 0, 0.825757, 0.20589, 0, 0.583991, 0.225684, 0, 0, 0.559049
0.28, 0, 0, 0, 0, 0.205548, 0, 0.118863, 0.0255227, 0, 0.0871063, 0.0206762, 0, 0, 0.0510611
0.283, 0, 0, 0, 0, 1.85756, 0, 0.839263, 0.208674, 0, 0.592961, 0.2289, 0, 0, 0.566444
0.286, 0, 0, 0, 0, 0.199039, 0, 0.118839, 0.0259609, 0, 0.0874819, 0.0206878, 0, 0, 0.0502681
0.287, 0, 0, 0, 0, 1.53465, 0, 0.896659, 0.16457, 0, 0.622837, 0.196162, 0, 0, 0.516384
0.29, 0, 0, 0, 0, 0.372001, 0, 0.20279, 0.0367844, 0, 0.139647, 0.037788, 0, 0, 0.104989
0.294, 0, 0, 0, 0, 1.62795, 0, 0.738561, 0.175592, 0, 0.516232, 0.197389, 0, 0, 0.489434
0.297, 0, 0, 0, 0, 0.321519, 0, 0.179073, 0.034459, 0, 0.125665, 0.033123, 0, 0, 0.0883379
0.3, 0, 0, 0, 0, 1.69437, 0, 0.771411, 0.184632, 0, 0.542374, 0.207236, 0, 0, 0.513294
0.303, 0, 0, 0, 0, 0.288307, 0, 0.160718, 0.0325121, 0, 0.114959, 0.0292865, 0, 0, 0.0772156
0.306, 0, 0, 0, 0, 1.74739, 0, 0.793079, 0.190985, 0, 0.571947, 0.210728, 0, 0, 0.531813
0.31, 0, 0, 0, 0, 0.248, 0, 0.142841, 0.0300204, 0, 0.104027, 0.0255219, 0, 0, 0.0669543
0.317, 0, 0, 0, 0, 1.97701, 0, 0.832337, 0.201561, 0, 0.603448, 0.219752, 0, 0, 0.552242
0.32, 0, 0, 0, 0, 0.172209, 0, 0.111254, 0.0263484, 0, 0.0811918, 0.019277, 0, 0, 0.0384979
0.323, 0, 0, 0, 0, 2.11858, 0, 0.844463, 0.2536, 0, 0.625972, 0.238441, 0, 0, 0.589102
0.324, 0, 0, 0, 0, 0.489554, 0, 0.100371, 0.0354191, 0, 0.0714857, 0.0288593, 0, 0, 0.101892
0.327, 0, 0, 0, 0, 1.58359, 0, 0.662831, 0.180663, 0, 0.481874, 0.177825, 0, 0, 0.440594
0.329, 0, 0, 0, 0, 0.396102, 0, 0.208628, 0.0390028, 0, 0.140935, 0.0390576, 0, 0, 0.101145
0.332, 0, 0, 0, 0, 1.73715, 0, 0.712276, 0.200599, 0, 0.524254, 0.194162, 0, 0, 0.482625
0.334, 0, 0, 0, 0, 0.317035, 0, 0.162525, 0.0328823, 0, 0.113118, 0.029109, 0, 0, 0.0766516
0.336, 0, 0, 0, 0, 1.85224, 0, 0.756851, 0.213133, 0, 0.554985, 0.208113, 0, 0, 0.515537
0.338, 0, 0, 0, 0, 0.261295, 0, 0.133456, 0.0283216, 0, 0.0957359, 0.022269, 0, 0, 0.0603904
0.339, 0, 0, 0, 0, 1.71336, 0, 0.859724, 0.173426, 0, 0.626016, 0.182844, 0, 0, 0.493777
0.342, 0, 0, 0, 0, 0.290138, 0, 0.154045, 0.0310422, 0, 0.109457, 0.027164, 0, 0, 0.073441
0.345, 0, 0, 0, 0, 1.90759, 0, 0.76306, 0.220078, 0, 0.574531, 0.208695, 0, 0, 0.529068
0.348, 0, 0, 0, 0, 0.193044, 0, 0.109822, 0.0242977, 0, 0.0817014, 0.0182443, 0, 0, 0.0440317
0.351, 0, 0, 0, 0, 1.91628, 0, 0.824654, 0.240153, 0, 0.62055, 0.227129, 0, 0, 0.574903
0.354, 0, 0, 0, 0, 0.177421, 0, 0.10827, 0.0238912, 0, 0.0806338, 0.0182156, 0, 0, 0.0423632
0.355, 0, 0, 0, 0, 1.59384, 0, 0.912967, 0.179824, 0, 0.663746, 0.192685, 0, 0, 0.52537
0.357, 0, 0, 0, 0, 0.361887, 0, 0.184811, 0.0340076, 0, 0.128932, 0.034524, 0, 0, 0.0951714
0.36, 0, 0, 0, 0, 1.6334, 0, 0.747877, 0.171959, 0, 0.534193, 0.194911, 0, 0, 0.493721
0.363, 0, 0, 0, 0, 0.314998, 0, 0.17247, 0.03338, 0, 0.121168, 0.0319158, 0, 0, 0.085603
0.366, 0, 0, 0, 0, 1.69781, 0, 0.77923, 0.180801, 0, 0.557281, 0.204127, 0, 0, 0.516119
0.369, 0, 0, 0, 0, 0.282575, 0, 0.156874, 0.0314901, 0, 0.111157, 0.028319, 0, 0, 0.0748402
0.37, 0, 0, 0, 0, 1.46795, 0, 0.845569, 0.149479, 0, 0.604613, 0.178418, 0, 0, 0.483974
0.373, 0, 0, 0, 0, 0.429503, 0, 0.224674, 0.0403023, 0, 0.154385, 0.0429642, 0, 0, 0.119244
0.376, 0, 0, 0, 0, 1.53862, 0, 0.706665, 0.160482, 0, 0.500663, 0.183327, 0, 0, 0.46363
0.379, 0, 0, 0, 0, 0.38408, 0, 0.202239, 0.0375919, 0, 0.140872, 0.0377946, 0, 0, 0.104539
0.382, 0, 0, 0, 0, 1.60317, 0, 0.735886, 0.168978, 0, 0.522731, 0.19173, 0, 0, 0.484666
0.385, 0, 0, 0, 0, 0.343505, 0, 0.183004, 0.0353755, 0, 0.128726, 0.0338909, 0, 0, 0.0924648
0.386, 0, 0, 0, 0, 1.59588, 0, 0.801128, 0.143399, 0, 0.571267, 0.17034, 0, 0, 0.460887
0.389, 0, 0, 0, 0, 0.358713, 0, 0.179912, 0.0344917, 0, 0.127315, 0.0330748, 0, 0, 0.0933765
0.391, 0, 0, 0, 0, 1.76677, 0, 0.733516, 0.175445, 0, 0.519597, 0.199118, 0, 0, 0.493058
0.394, 0, 0, 0, 0, 0.260925, 0, 0.132413, 0.0277854, 0, 0.0977607, 0.0223867, 0, 0, 0.0630893
0.396, 0, 0, 0, 0, 1.92319, 0, 0.794455, 0.191508, 0, 0.551057, 0.220817, 0, 0, 0.537594
0.399, 0, 0, 0, 0, 0.185735, 0, 0.100129, 0.0224763, 0, 0.0769965, 0.0160177, 0, 0, 0.0408205
0.404, 0, 0, 0, 0, 2.07177, 0, 0.868593, 0.204774, 0, 0.608632, 0.23218, 0, 0, 0.576598
0.407, 0, 0, 0, 0, 0.13378, 0, 0.0897641, 0.0222732, 0, 0.068258, 0.0149881, 0, 0, 0.0287095
0.41, 0, 0, 0, 0, 1.97903, 0, 0.901935, 0.215899, 0, 0.649626, 0.239642, 0, 0, 0.606267
0.413, 0, 0, 0, 0, 0.156333, 0, 0.102526, 0.0240137, 0, 0.0764747, 0.0168093, 0, 0, 0.0371246
0.414, 0, 0, 0, 0, 1.592, 0, 0.936389, 0.167713, 0, 0.673628, 0.197187, 0, 0, 0.535703
0.417, 0, 0, 0, 0, 0.336409, 0, 0.183406, 0.0353459, 0, 0.128347, 0.0339439, 0, 0, 0.094304
0.42, 0, 0, 0, 0, 1.66222, 0, 0.761449, 0.178627, 0, 0.543181, 0.200188, 0, 0, 0.506526
0.422, 0, 0, 0, 0, 0.349167, 0, 0.170307, 0.0338406, 0, 0.119058, 0.0311498, 0, 0, 0.0868726
0.425, 0, 0, 0, 0, 1.65005, 0, 0.75875, 0.177109, 0, 0.541529, 0.197962, 0, 0, 0.501176
0.432, 0, 0, 0, 0, 0.293958, 0, 0.15899, 0.0313027, 0, 0.114129, 0.0286821, 0, 0, 0.0820884
0.437, 0, 0, 0, 0, 1.76208, 0, 0.793776, 0.184838, 0, 0.555667, 0.210132, 0, 0, 0.525913
0.44, 0, 0, 0, 0, 0.250003, 0, 0.141757, 0.0299849, 0, 0.103348, 0.0248179, 0, 0, 0.0644231
0.443, 0, 0, 0, 0, 1.79778, 0, 0.821128, 0.194398, 0, 0.590509, 0.216615, 0, 0, 0.547689
0.446, 0, 0, 0, 0, 0.235676, 0, 0.134583, 0.0290237, 0, 0.0982697, 0.0231552, 0, 0, 0.0597718
0.447, 0, 0, 0, 0, 1.51351, 0, 0.877427, 0.157458, 0, 0.630909, 0.185301, 0, 0, 0.502904
0.45, 0, 0, 0, 0, 0.396665, 0, 0.209194, 0.0388768, 0, 0.145794, 0.0392483, 0, 0, 0.109973
0.453, 0, 0, 0, 0, 1.58016, 0, 0.723925, 0.168168, 0, 0.515855, 0.189296, 0, 0, 0.47878
0.456, 0, 0, 0, 0, 0.356208, 0, 0.188863, 0.0363484, 0, 0.132813, 0.0350608, 0, 0, 0.0965525
0.459, 0, 0, 0, 0, 1.78159, 0, 0.750369, 0.175751, 0, 0.536566, 0.196542, 0, 0, 0.497543
0.461, 0, 0, 0, 0, 0.292968, 0, 0.141682, 0.0296885, 0, 0.101646, 0.0243707, 0, 0, 0.0685911
0.465, 0, 0, 0, 0, 1.89169, 0, 0.797557, 0.188881, 0, 0.574414, 0.208692, 0, 0, 0.528456
0.468, 0, 0, 0, 0, 0.202413, 0, 0.1187, 0.0269347, 0, 0.0874994, 0.0194731, 0, 0, 0.0477525
0.471, 0, 0, 0, 0, 2.05698, 0, 0.853111, 0.205757, 0, 0.616953, 0.226332, 0, 0, 0.57188
0.473, 0, 0, 0, 0, 0.205011, 0, 0.0999038, 0.0235512, 0, 0.0729254, 0.0158819, 0, 0, 0.0410286
0.476, 0, 0, 0, 0, 1.89064, 0, 0.823211, 0.240384, 0, 0.61819, 0.225707, 0, 0, 0.570216
0.478, 0, 0, 0, 0, 0.253094, 0, 0.126376, 0.0275235, 0, 0.0904027, 0.0212109, 0, 0, 0.0569882
0.479, 0, 0, 0, 0, 1.50744, 0, 0.864908, 0.174419, 0, 0.625022, 0.185168, 0, 0, 0.49551
0.482, 0, 0, 0, 0, 0.394566, 0, 0.217921, 0.0401989, 0, 0.149623, 0.04125, 0, 0, 0.112179
0.485, 0, 0, 0, 0, 1.60243, 0, 0.707112, 0.194246, 0, 0.521719, 0.190306, 0, 0, 0.480647
0.487, 0, 0, 0, 0, 0.382236, 0, 0.190782, 0.0362934, 0, 0.132227, 0.0356441, 0, 0, 0.0969971
0.49, 0, 0, 0, 0, 1.621, 0, 0.717522, 0.196487, 0, 0.530902, 0.192262, 0, 0, 0.486684
0.493, 0, 0, 0, 0, 0.327732, 0, 0.181159, 0.0353678, 0, 0.127335, 0.0338105, 0, 0, 0.0900563
0.496, 0, 0, 0, 0, 1.70521, 0, 0.746795, 0.208408, 0, 0.556043, 0.202408, 0, 0, 0.511971
0.499, 0, 0, 0, 0, 0.281721, 0, 0.157452, 0.0317333, 0, 0.112116, 0.0284792, 0, 0, 0.0750549
0.5, 0, 0, 0, 0, 1.48481, 0, 0.840277, 0.16544, 0, 0.609472, 0.178659, 0, 0, 0.485426
0.503, 0, 0, 0, 0, 0.418144, 0, 0.219463, 0.03957, 0, 0.152721, 0.0416691, 0, 0, 0.116566
0.506, 0, 0, 0, 0, 1.56882, 0, 0.711828, 0.162467, 0, 0.50891, 0.185241, 0, 0, 0.469429
0.509, 0, 0, 0, 0, 0.36346, 0, 0.191788, 0.0361631, 0, 0.135279, 0.0358399, 0, 0, 0.0989063
0.512, 0, 0, 0, 0, 1.77943, 0, 0.748066, 0.171599, 0, 0.535727, 0.194948, 0, 0, 0.494232
0.515, 0, 0, 0, 0, 0.252716, 0, 0.135585, 0.028395, 0, 0.0989583, 0.0231516, 0, 0, 0.0622384
0.516, 0, 0, 0, 0, 1.70716, 0, 0.866819, 0.151202, 0, 0.623634, 0.180618, 0, 0, 0.495447
0.519, 0, 0, 0, 0, 0.287869, 0, 0.147148, 0.0294465, 0, 0.106878, 0.0255792, 0, 0, 0.0728568
0.522, 0, 0, 0, 0, 1.89211, 0, 0.791204, 0.183068, 0, 0.566804, 0.207827, 0, 0, 0.528187
0.525, 0, 0, 0, 0, 0.190657, 0, 0.109174, 0.0239569, 0, 0.082226, 0.0172108, 0, 0, 0.0451715
0.528, 0, 0, 0, 0, 1.88392, 0, 0.858534, 0.200836, 0, 0.614974, 0.226721, 0, 0, 0.575005
0.531, 0, 0, 0, 0, 0.192906, 0, 0.113171, 0.0249467, 0, 0.0844173, 0.0179732, 0, 0, 0.0463532
0.532, 0, 0, 0, 0, 1.54123, 0, 0.906333, 0.159686, 0, 0.650043, 0.190153, 0, 0, 0.518593
0.534, 0, 0, 0, 0, 0.397585, 0, 0.200027, 0.037229, 0, 0.137555, 0.0380146, 0, 0, 0.105491
0.537, 0, 0, 0, 0, 1.57217, 0, 0.726189, 0.165183, 0, 0.503079, 0.190788, 0, 0, 0.477411
0.54, 0, 0, 0, 0, 0.358464, 0, 0.190503, 0.0364444, 0, 0.133437, 0.0354222, 0, 0, 0.0977259
0.543, 0, 0, 0, 0, 1.63751, 0, 0.752031, 0.172768, 0, 0.534379, 0.196295, 0, 0, 0.496169
0.546, 0, 0, 0, 0, 0.319705, 0, 0.172567, 0.034312, 0, 0.122346, 0.0316521, 0, 0, 0.0860438
0.547, 0, 0, 0, 0, 1.42781, 0, 0.816772, 0.146319, 0, 0.583529, 0.173428, 0, 0, 0.469868
0.55, 0, 0, 0, 0, 0.461968, 0, 0.238793, 0.0432427, 0, 0.163216, 0.0468123, 0, 0, 0.12889
0.553, 0, 0, 0, 0, 1.61305, 0, 0.685407, 0.156387, 0, 0.485003, 0.177666, 0, 0, 0.449745
0.555, 0, 0, 0, 0, 0.37816, 0, 0.182017, 0.0352494, 0, 0.127958, 0.0334699, 0, 0, 0.0938213
0.558, 0, 0, 0, 0, 1.74819, 0, 0.739666, 0.171332, 0, 0.527297, 0.192446, 0, 0, 0.487854
0.564, 0, 0, 0, 0, 0.260649, 0, 0.133366, 0.0276733, 0, 0.0987046, 0.0226946, 0, 0, 0.0654739
0.565, 0, 0, 0, 0, 1.69785, 0, 0.868797, 0.141037, 0, 0.596795, 0.177645, 0, 0, 0.490862
0.568, 0, 0, 0, 0, 0.290745, 0, 0.141491, 0.0283557, 0, 0.104755, 0.0241729, 0, 0, 0.0726212
0.571, 0, 0, 0, 0, 1.8805, 0, 0.780827, 0.182828, 0, 0.543924, 0.209631, 0, 0, 0.522576
0.573, 0, 0, 0, 0, 0.250229, 0, 0.111676, 0.0242483, 0, 0.0858611, 0.0171665, 0, 0, 0.0547867
0.575, 0, 0, 0, 0, 1.72564, 0, 0.811752, 0.187967, 0, 0.561573, 0.218012, 0, 0, 0.539267
0.578, 0, 0, 0, 0, 0.26294, 0, 0.142405, 0.029482, 0, 0.105386, 0.0247629, 0, 0, 0.0698658
0.581, 0, 0, 0, 0, 1.76217, 0, 0.805786, 0.190436, 0, 0.561853, 0.216822, 0, 0, 0.538116
0.583, 0, 0, 0, 0, 0.30342, 0, 0.143341, 0.0297078, 0, 0.104589, 0.0249336, 0, 0, 0.0725778
0.584, 0, 0, 0, 0, 1.43009, 0, 0.824373, 0.149907, 0, 0.565583, 0.182512, 0, 0, 0.474459
0.587, 0, 0, 0, 0, 0.453531, 0, 0.238133, 0.0435431, 0, 0.163602, 0.047015, 0, 0, 0.129309
0.591, 0, 0, 0, 0, 1.5067, 0, 0.693148, 0.159839, 0, 0.484846, 0.18138, 0, 0, 0.453477
0.594, 0, 0, 0, 0, 0.419464, 0, 0.215826, 0.0409251, 0, 0.151981, 0.0407281, 0, 0, 0.11384
0.597, 0.426022, 0, 0, 0, 1.68079, 0, 0.710276, 0.166436, 0, 0.509278, 0.185089, 0, 0, 0.470763
0.6, 0.421033, 0, 0, 0, 0.308216, 0, 0.162267, 0.0331673, 0, 0.116798, 0.0293122, 0, 0, 0.0801716
0.603, 0.345983, 0, 0, 0, 1.86722, 0, 0.778786, 0.187121, 0, 0.562783, 0.205846, 0, 0, 0.521645
0.607, 0.293903, 0, 0, 0, 0.205679, 0, 0.114376, 0.0257419, 0, 0.0868441, 0.0183133, 0, 0, 0.0495209
0.61, 0.243714, 0, 0, 0, 2.03639, 0, 0.841072, 0.204696, 0, 0.609613, 0.224514, 0, 0, 0.56903
0.613, 0.201206, 0, 0, 0, 0.14452, 0, 0.089547, 0.0218804, 0, 0.0674468, 0.0145088, 0, 0, 0.0301059
0.616, 0.188616, 0, 0, 0, 1.96307, 0, 0.885272, 0.215163, 0, 0.63997, 0.236164, 0, 0, 0.59838
0.617, 0.203746, 0, 0, 0, 0.524549, 0, 0.11044, 0.0372959, 0, 0.0763134, 0.0332274, 0, 0, 0.112083
0.62, 0.158641, 0, 0, 0, 1.39367, 0, 0.655277, 0.149909, 0, 0.46447, 0.167236, 0, 0, 0.422599
0.623, 0.137941, 0, 0, 0, 0.484355, 0, 0.261116, 0.047378, 0, 0.174999, 0.0522201, 0, 0, 0.137652
0.627, 0.126947, 0, 0, 0, 1.47241, 0, 0.679217, 0.15774, 0, 0.484486, 0.174637, 0, 0, 0.441941
0.63, 0.110868, 0, 0, 0, 0.450006, 0, 0.233495, 0.0433788, 0, 0.159966, 0.0445851, 0, 0, 0.1208
0.634, 0, 0, 0, 0, 1.65019, 0, 0.680109, 0.185674, 0, 0.501872, 0.180654, 0, 0, 0.457646
0.637, 0, 0, 0, 0, 0.330101, 0, 0.175466, 0.0349148, 0, 0.122859, 0.0325998, 0, 0, 0.0856203
0.64, 0, 0, 0, 0, 1.844, 0, 0.741981, 0.211883, 0, 0.555444, 0.202219, 0, 0, 0.511494
0.643, 0, 0, 0, 0, 0.227351, 0, 0.12516, 0.0273644, 0, 0.0924632, 0.0208945, 0, 0, 0.0539425
0.646, 0, 0, 0, 0, 2.01587, 0, 0.802766, 0.2337, 0, 0.604871, 0.22096, 0, 0, 0.559465
0.649, 0, 0, 0, 0, 0.154291, 0, 0.0950713, 0.0225995, 0, 0.0714295, 0.0156222, 0, 0, 0.0326449
0.65, 0, 0, 0, 0, 1.8481, 0, 0.930617, 0.183097, 0, 0.679475, 0.194866, 0, 0, 0.53524
0.653, 0, 0, 0, 0, 0.206081, 0, 0.11507, 0.0242922, 0, 0.0861917, 0.0183841, 0, 0, 0.0509455
0.659, 0, 0, 0, 0, 1.90419, 0, 0.859133, 0.200703, 0, 0.6194, 0.224506, 0, 0, 0.569349
0.662, 0, 0, 0, 0, 0.184499, 0, 0.118815, 0.026453, 0, 0.0864327, 0.0195235, 0, 0, 0.0457843
0.665, 0, 0, 0, 0, 1.92854, 0, 0.839236, 0.242132, 0, 0.616345, 0.234228, 0, 0, 0.580805
0.666, 0, 0, 0, 0, 0.523973, 0, 0.123604, 0.0381266, 0, 0.0821942, 0.0369062, 0, 0, 0.113038
0.668, 0, 0, 0, 0, 1.39303, 0, 0.651289, 0.16239, 0, 0.46419, 0.168294, 0, 0, 0.422464
0.671, 0, 0, 0, 0, 0.487775, 0, 0.264533, 0.0471296, 0, 0.176846, 0.0529671, 0, 0, 0.138926
0.674, 0, 0, 0, 0, 1.47373, 0, 0.66281, 0.173302, 0, 0.476173, 0.177114, 0, 0, 0.441002
0.677, 0, 0, 0, 0, 0.449966, 0, 0.231984, 0.0422523, 0, 0.159464, 0.0438969, 0, 0, 0.120631
0.68, 0, 0.260498, 0, 0, 1.64892, 0, 0.680843, 0.18044, 0, 0.499649, 0.180217, 0, 0, 0.457242
0.683, 0, 0.151078, 0, 0, 0.329622, 0, 0.172637, 0.0338996, 0, 0.122011, 0.0311262, 0, 0, 0.08515
0.686, 0, 0.13014, 0, 0, 1.84392, 0, 0.745622, 0.206225, 0, 0.555223, 0.201257, 0, 0, 0.511167
0.687, 0, 0.137565, 0, 0, 0.513061, 0, 0.13517, 0.0364222, 0, 0.0893008, 0.0370955, 0, 0, 0.110758
0.69, 0, 0.105719, 0, 0, 1.54742, 0, 0.650294, 0.16644, 0, 0.476154, 0.168729, 0, 0, 0.429413
0.693, 0, 0.0847232, 0, 0, 0.394931, 0, 0.205404, 0.0384432, 0, 0.143907, 0.0385053, 0, 0, 0.104969
0.7, 0, 0.0659916, 0, 0, 1.7469, 0, 0.722102, 0.194395, 0, 0.529403, 0.193624, 0, 0, 0.483457
0.703, 0, 0.0567195, 0, 0, 0.279441, 0, 0.155356, 0.0318951, 0, 0.109995, 0.027873, 0, 0, 0.0708029
0.706, 0, 0.0590249, 0, 0, 1.93736, 0, 0.779534, 0.220854, 0, 0.579066, 0.215007, 0, 0, 0.536938
0.707, 0.151128, 0.0451979, 0, 0, 0.502529, 0, 0.125928, 0.0348656, 0, 0.0843083, 0.03373, 0, 0, 0.106925
0.71, 0.108476, 0.0325052, 0, 0, 1.57166, 0, 0.659726, 0.170961, 0, 0.480302, 0.17342, 0, 0, 0.435671
0.713, 0.0871211, 0.0329019, 0, 0, 0.383941, 0, 0.201604, 0.0382112, 0, 0.140678, 0.0375677, 0, 0, 0.101526
0.716, 0.0716425, 0.0432817, 0, 0, 1.76255, 0, 0.717836, 0.196266, 0, 0.528416, 0.194841, 0, 0, 0.487763
0.718, 0.0600333, 0.0396589, 0, 0, 0.309158, 0, 0.152467, 0.0305122, 0, 0.107673, 0.0260372, 0, 0, 0.073218
0.721, 0.0693611, 0.0326873, 0, 0, 1.88398, 0, 0.760548, 0.212862, 0, 0.573669, 0.204811, 0, 0, 0.521756
0.724, 0.054118, 0.0330319, 0, 0, 0.20935, 0, 0.120836, 0.0260439, 0, 0.088051, 0.0192259, 0, 0, 0.0493186
0.725, 0.0261149, 0.0308845, 0, 0, 1.7837, 0, 0.89478, 0.174102, 0, 0.656944, 0.186687, 0, 0, 0.514598
0.728, 0.0519187, 0.0312916, 0, 0, 0.250645, 0, 0.132783, 0.026867, 0, 0.097063, 0.0219127, 0, 0, 0.0617797
0.735, 0.0506824, 0, 0, 0, 1.98001, 0, 0.805107, 0.224364, 0, 0.604719, 0.216849, 0, 0, 0.549278
0.74, 0.0296484, 0, 0, 0, 0.15999, 0, 0.0990133, 0.022345, 0, 0.0733289, 0.0162513, 0, 0, 0.0359709
0.743, 0.0358697, 0, 0, 0, 1.97283, 0, 0.844613, 0.243298, 0, 0.63834, 0.233204, 0, 0, 0.591499
0.744, 0.0601758, 0, 0, 0, 0.526382, 0, 0.114647, 0.0320111, 0, 0.0777619, 0.0317328, 0, 0, 0.111258
0.747, 0.0700543, 0, 0, 0, 1.41133, 0, 0.644055, 0.160373, 0, 0.467752, 0.166497, 0, 0, 0.422067
0.75, 0.0285959, 0, 0, 0, 0.468258, 0, 0.252011, 0.0448002, 0, 0.172187, 0.0501575, 0, 0, 0.133685
0.753, 0, 0, 0, 0, 1.49679, 0, 0.672565, 0.173747, 0, 0.492005, 0.177206, 0, 0, 0.448474
0.756, 0, 0, 0, 0, 0.411266, 0, 0.220173, 0.0402394, 0, 0.153581, 0.0419871, 0, 0, 0.115206
0.759, 0, 0, 0, 0, 1.58177, 0, 0.702141, 0.186281, 0, 0.517962, 0.186939, 0, 0, 0.473866
0.762, 0.0953708, 0, 0, 0, 0.368591, 0, 0.190349, 0.0364528, 0, 0.13473, 0.0358307, 0, 0, 0.0977731
0.763, 0.0732111, 0, 0, 0, 1.57145, 0, 0.780126, 0.151213, 0, 0.563561, 0.166838, 0, 0, 0.45227
0.766, 0.294417, 0, 0, 0, 0.374416, 0, 0.186989, 0.0356213, 0, 0.133182, 0.0349112, 0, 0, 0.0989619
0.773, 0, 0, 0, 0, 1.773, 0, 0.732243, 0.196616, 0, 0.540672, 0.194136, 0, 0, 0.491535
0.776, 0.0640636, 0, 0, 0, 0.260283, 0, 0.14594, 0.0307796, 0, 0.104525, 0.0256905, 0, 0, 0.0658362
0.779, 0.071949, 0, 0, 0, 1.96317, 0, 0.790324, 0.223394, 0, 0.594556, 0.21513, 0, 0, 0.545274
0.782, 0, 0, 0, 0, 0.177203, 0, 0.107438, 0.0243581, 0, 0.0791277, 0.0175206, 0, 0, 0.0400853
0.783, 0, 0, 0, 0, 1.82233, 0, 0.916117, 0.179831, 0, 0.67735, 0.189777, 0, 0, 0.527876
0.786, 0.0679266, 0, 0, 0, 0.231206, 0, 0.124334, 0.0257475, 0, 0.0910664, 0.0201234, 0, 0, 0.0562558
0.789, 0.0669488, 0, 0, 0, 2.00226, 0, 0.826377, 0.192354, 0, 0.597704, 0.218689, 0, 0, 0.556177
0.792, 0, 0, 0, 0, 0.152285, 0, 0.0940833, 0.0217516, 0, 0.0697502, 0.0152559, 0, 0, 0.0331621
0.795, 0.072261, 0, 0, 0, 1.94523, 0, 0.883547, 0.205942, 0, 0.637389, 0.233833, 0, 0, 0.594128
0.798, 0.069236, 0, 0, 0, 0.163907, 0, 0.103846, 0.0234783, 0, 0.0762457, 0.0166276, 0, 0, 0.0390399
0.799, 0.0540619, 0, 0, 0, 1.57505, 0, 0.925411, 0.162171, 0, 0.666787, 0.194284, 0, 0, 0.530714
0.802, 0.0656123, 0, 0, 0, 0.34425, 0, 0.183384, 0.0347035, 0, 0.128697, 0.033952, 0, 0, 0.0961999
0.805, 0, 0, 0, 0, 1.64863, 0, 0.757524, 0.171291, 0, 0.536865, 0.197625, 0, 0, 0.501334
0.808, 0.0637753, 0, 0, 0, 0.30563, 0, 0.165192, 0.0328272, 0, 0.117006, 0.0298671, 0, 0, 0.08292
0.815, 0.0618378, 0, 0, 0, 1.75516, 0, 0.801012, 0.182499, 0, 0.570934, 0.207086, 0, 0, 0.523208
0.817, 0.0581299, 0, 0, 0, 0.315079, 0, 0.160892, 0.0333331, 0, 0.110726, 0.0289128, 0, 0, 0.075254
0.818, 0.0421126, 0, 0, 0, 1.44443, 0, 0.832307, 0.150196, 0, 0.588485, 0.180317, 0, 0, 0.473586
0.82, 0, 0, 0, 0, 0.487757, 0, 0.251014, 0.0460063, 0, 0.165823, 0.0509608, 0, 0, 0.130841
0.823, 0, 0, 0, 0, 1.59442, 0, 0.663789, 0.174844, 0, 0.483647, 0.175307, 0, 0, 0.442357
0.826, 0.0606066, 0, 0, 0, 0.369246, 0, 0.192414, 0.0375505, 0, 0.134167, 0.0360285, 0, 0, 0.0971497
0.829, 0.0595359, 0, 0, 0, 1.78426, 0, 0.723707, 0.200084, 0, 0.527522, 0.198727, 0, 0, 0.4943
0.831, 0.0542712, 0, 0, 0, 0.29931, 0, 0.146162, 0.0301555, 0, 0.103527, 0.0249645, 0, 0, 0.0703073
0.834, 0.0525585, 0, 0, 0, 1.89757, 0, 0.764209, 0.215549, 0, 0.572542, 0.207347, 0, 0, 0.526347
0.835, 0.0686206, 0, 0, 0, 0.507122, 0, 0.130342, 0.036043, 0, 0.0855686, 0.0356326, 0, 0, 0.108103
0.838, 0, 0, 0, 0, 1.55965, 0, 0.653778, 0.170227, 0, 0.474247, 0.172818, 0, 0, 0.433109
0.841, 0.0545408, 0, 0, 0, 0.388554, 0, 0.203596, 0.0387763, 0, 0.142218, 0.0381498, 0, 0, 0.103633
0.844, 0.0542903, 0, 0, 0, 1.75096, 0, 0.711957, 0.195517, 0, 0.531136, 0.191371, 0, 0, 0.485394
0.847, 0.0451162, 0, 0, 0, 0.274989, 0, 0.147393, 0.03032, 0, 0.105876, 0.0257416, 0, 0, 0.0686988
0.85, 0.0466243, 0, 0, 0, 1.93847, 0, 0.773845, 0.220195, 0, 0.584529, 0.211545, 0, 0, 0.537109
0.853, 0, 0, 0, 0, 0.183879, 0, 0.10816, 0.0241766, 0, 0.080327, 0.0174097, 0, 0, 0.0417252
0.854, 0, 0, 0, 0, 1.81295, 0, 0.908223, 0.177041, 0, 0.666733, 0.190065, 0, 0, 0.524053
0.857, 0.0459857, 0, 0, 0, 0.232526, 0, 0.12375, 0.0253237, 0, 0.0912737, 0.0201206, 0, 0, 0.0565559
0.86, 0.0470515, 0, 0, 0, 1.85322, 0, 0.794166, 0.225285, 0, 0.595801, 0.218203, 0, 0, 0.554811
0.863, 0.0373652, 0, 0, 0, 0.202645, 0, 0.117142, 0.024512, 0, 0.0873079, 0.0188776, 0, 0, 0.0503183
0.866, 0, 0, 0, 0, 1.87586, 0, 0.848967, 0.196065, 0, 0.611279, 0.224309, 0, 0, 0.569115
0.867, 0, 0, 0, 0, 0.529115, 0, 0.127062, 0.0357548, 0, 0.0833717, 0.0368069, 0, 0, 0.114663
0.87, 0.0388071, 0, 0, 0, 1.39451, 0, 0.655626, 0.143286, 0, 0.461946, 0.166257, 0, 0, 0.420756
0.877, 0.0315796, 0, 0, 0, 0.471937, 0, 0.24867, 0.0443004, 0, 0.168627, 0.0505405, 0, 0, 0.136531
0.885, 0.0307547, 0, 0, 0, 1.61714, 0, 0.694065, 0.154904, 0, 0.492701, 0.176908, 0, 0, 0.447459
0.888, 0.025922, 0, 0, 0, 0.351058, 0, 0.186088, 0.0368383, 0, 0.130522, 0.0346659, 0, 0, 0.0920653
0.891, 0.0361998, 0, 0, 0, 1.81332, 0, 0.735987, 0.203403, 0, 0.546724, 0.19858, 0, 0, 0.502538
0.892, 0.0594101, 0, 0, 0, 0.516057, 0, 0.144457, 0.0391611, 0, 0.0936541, 0.040341, 0, 0, 0.113206
0.895, 0.0304636, 0, 0, 0, 1.55047, 0, 0.649031, 0.168261, 0, 0.474419, 0.169794, 0, 0, 0.429592
0.898, 0.0255288, 0, 0, 0, 0.399578, 0, 0.206752, 0.0392825, 0, 0.144067, 0.0391679, 0, 0, 0.105671
0.901, 0.03285, 0, 0, 0, 1.73577, 0, 0.706453, 0.193206, 0, 0.51779, 0.192694, 0, 0, 0.480611
0.903, 0.0280069, 0, 0, 0, 0.32268, 0, 0.157394, 0.0317231, 0, 0.111517, 0.0277113, 0, 0, 0.0769622
0.905, 0.0275556, 0, 0, 0, 1.84311, 0, 0.750541, 0.205538, 0, 0.557837, 0.202271, 0, 0, 0.512421
0.907, 0.0288984, 0, 0, 0, 0.267442, 0, 0.132408, 0.027519, 0, 0.0958081, 0.0215154, 0, 0, 0.0616627
0.91, 0.033684, 0, 0, 0, 1.95092, 0, 0.780587, 0.222283, 0, 0.590006, 0.212794, 0, 0, 0.541088
0.911, 0.0667534, 0, 0, 0, 0.503116, 0, 0.121115, 0.0338128, 0, 0.0814658, 0.0325094, 0, 0, 0.105699
0.918, 0.0319514, 0, 0, 0, 1.57656, 0, 0.661198, 0.172511, 0, 0.482077, 0.174549, 0, 0, 0.436292
0.921, 0.0277557, 0, 0, 0, 0.381206, 0, 0.202936, 0.0388963, 0, 0.141459, 0.0383631, 0, 0, 0.101549
0.924, 0.0381871, 0, 0, 0, 1.77039, 0, 0.718723, 0.19911, 0, 0.53153, 0.196164, 0, 0, 0.490045
0.927, 0.0303989, 0, 0, 0, 0.269002, 0, 0.146085, 0.0301278, 0, 0.104627, 0.0250432, 0, 0, 0.066714
0.928, 0.0034995, 0, 0, 0, 1.70971, 0, 0.852924, 0.166513, 0, 0.63051, 0.176923, 0, 0, 0.491871
0.931, 0.0331981, 0, 0, 0, 0.29643, 0, 0.152325, 0.0302135, 0, 0.109584, 0.0262833, 0, 0, 0.0747336
0.933, 0.0359415, 0, 0, 0, 1.88774, 0, 0.740451, 0.217897, 0, 0.5563, 0.210745, 0, 0, 0.522992
0.936, 0.0331873, 0, 0, 0, 0.204183, 0, 0.110187, 0.0236883, 0, 0.0823577, 0.0171899, 0, 0, 0.0467029
0.939, 0.0438556, 0, 0, 0, 2.05184, 0, 0.812069, 0.231778, 0, 0.612332, 0.223324, 0, 0, 0.568741
0.942, 0.0324706, 0, 0, 0, 0.132433, 0, 0.086304, 0.0204608, 0, 0.064121, 0.0140717, 0, 0, 0.0282273
0.947, 0.0434598, 0, 0, 0, 2.04894, 0, 0.907835, 0.210594, 0, 0.656737, 0.23882, 0, 0, 0.605724
0.95, 0.0316681, 0, 0, 0, 0.12826, 0, 0.0964094, 0.0231489, 0, 0.0695504, 0.0158976, 0, 0, 0.0296907
0.953, 0.0463701, 0, 0, 0, 2.01036, 0, 0.872138, 0.253443, 0, 0.656029, 0.240498, 0, 0, 0.608142
0.956, 0.0334221, 0, 0, 0, 0.14014, 0, 0.0999388, 0.0233278, 0, 0.072495, 0.0164064, 0, 0, 0.0333937
0.957, 0, 0, 0, 0, 1.597, 0, 0.936924, 0.18797, 0, 0.68476, 0.199259, 0, 0, 0.542128
0.959, 0.0438417, 0, 0, 0, 0.358424, 0, 0.18682, 0.0350437, 0, 0.128725, 0.0350542, 0, 0, 0.0958212
0.962, 0.0447669, 0, 0, 0, 1.62947, 0, 0.728735, 0.197265, 0, 0.536552, 0.195746, 0, 0, 0.496242
0.965, 0.0362157, 0, 0, 0, 0.316092, 0, 0.174922, 0.0340513, 0, 0.122278, 0.0325344, 0, 0, 0.0875
0.968, 0.04631, 0, 0, 0, 1.70157, 0, 0.780132, 0.177482, 0, 0.556927, 0.203915, 0, 0, 0.516389
0.97, 0.0421635, 0, 0, 0, 0.333137, 0, 0.163311, 0.0322444, 0, 0.113615, 0.0295062, 0, 0, 0.0812352
0.973, 0.0457149, 0, 0, 0, 1.68325, 0, 0.747322, 0.20481, 0, 0.552192, 0.201022, 0, 0, 0.509158
0.976, 0.0372078, 0, 0, 0, 0.292966, 0, 0.164203, 0.0330238, 0, 0.115754, 0.0299594, 0, 0, 0.0791847
0.977, 0.00609172, 0, 0, 0, 1.47809, 0, 0.829415, 0.164802, 0, 0.601072, 0.177813, 0, 0, 0.481661
0.98, 0.040345, 0, 0, 0, 0.424774, 0, 0.222131, 0.0405102, 0, 0.153248, 0.0427633, 0, 0, 0.118631
0.983, 0.0471987, 0, 0, 0, 1.55219, 0, 0.710006, 0.159782, 0, 0.504454, 0.184263, 0, 0, 0.466801
0.986, 0.0388057, 0, 0, 0, 0.377363, 0, 0.197933, 0.0374803, 0, 0.138524, 0.037102, 0, 0, 0.102964
0.989, 0.0477534, 0, 0, 0, 1.63292, 0, 0.739741, 0.1683, 0, 0.528062, 0.192618, 0, 0, 0.488323
0.992, 0.0387263, 0, 0, 0, 0.325054, 0, 0.174285, 0.0344885, 0, 0.122982, 0.0320296, 0, 0, 0.0875755
0.993, 0.00847839, 0, 0, 0, 1.44104, 0, 0.811701, 0.144497, 0, 0.582854, 0.172317, 0, 0, 0.468403
0.996, 0.0242124, 0, 0, 0, 0.473063, 0, 0.233228, 0.0423353, 0, 0.160596, 0.0454129, 0, 0, 0.126374
0.999, 0.0294386, 0, 0, 0, 1.60585, 0, 0.678896, 0.152337, 0, 0.481753, 0.17535, 0, 0, 0.445132
1.002, 0.0255419, 0, 0, 0, 0.352664, 0, 0.178391, 0.0348987, 0, 0.127083, 0.0327249, 0, 0, 0.0918674
1.009, 0.0420228, 0, 0, 0, 1.81061, 0, 0.766754, 0.175891, 0, 0.549401, 0.198383, 0, 0, 0.501544
1.012, 0.0414082, 0, 0, 0, 0.243087, 0, 0.139514, 0.0302603, 0, 0.0999753, 0.0239916, 0, 0, 0.0603929
1.013, 0.00652895, 0, 0, 0, 1.73526, 0, 0.866348, 0.1765, 0, 0.631419, 0.186278, 0, 0, 0.502356
1.016, 0.0443336, 0, 0, 0, 0.280868, 0, 0.148315, 0.0305291, 0, 0.106229, 0.0259359, 0, 0, 0.0709821
1.019, 0.052987, 0, 0, 0, 1.92509, 0, 0.768728, 0.21817, 0, 0.574816, 0.210815, 0, 0, 0.534095
1.021, 0.0475387, 0, 0, 0, 0.244026, 0, 0.115431, 0.0247263, 0, 0.0847688, 0.0178758, 0, 0, 0.0527269
1.024, 0.0480621, 0, 0, 0, 1.98163, 0, 0.795624, 0.226129, 0, 0.596454, 0.217575, 0, 0, 0.551235
1.026, 0.0441196, 0, 0, 0, 0.220504, 0, 0.108625, 0.0240543, 0, 0.0797341, 0.0171262, 0, 0, 0.0468206
1.029, 0.0479596, 0, 0, 0, 2.02, 0, 0.811623, 0.232338, 0, 0.610223, 0.222462, 0, 0, 0.562804
1.03, 0.0884426, 0, 0, 0, 0.48836, 0, 0.112306, 0.0325919, 0, 0.0755041, 0.0307421, 0, 0, 0.102887
1.033, 0, 0, 0, 0, 1.57587, 0, 0.664092, 0.173354, 0, 0.479243, 0.176952, 0, 0, 0.440163
1.036, 0.0576376, 0, 0, 0, 0.352604, 0, 0.197851, 0.0379861, 0, 0.137611, 0.0374997, 0, 0, 0.0997228
1.039, 0.0767923, 0, 0, 0, 1.66993, 0, 0.733544, 0.203163, 0, 0.536852, 0.201622, 0, 0, 0.501469
1.042, 0.0452605, 0, 0, 0, 0.301025, 0, 0.168972, 0.033502, 0, 0.119415, 0.0306503, 0, 0, 0.0821777
1.043, 0.00427936, 0, 0, 0, 1.46843, 0, 0.825689, 0.163519, 0, 0.600485, 0.176213, 0, 0, 0.479137
1.046, 0, 0, 0, 0, 0.430957, 0, 0.226421, 0.0408978, 0, 0.157143, 0.0431555, 0, 0, 0.121055
1.049, 0.0489154, 0, 0, 0, 1.55383, 0, 0.683952, 0.182485, 0, 0.504415, 0.182839, 0, 0, 0.46444
1.052, 0.0416139, 0, 0, 0, 0.373798, 0, 0.196935, 0.0370328, 0, 0.13908, 0.0368297, 0, 0, 0.102589
1.054, 0.0426804, 0, 0, 0, 1.74956, 0, 0.712287, 0.193292, 0, 0.523194, 0.194308, 0, 0, 0.487315
1.057, 0.0412665, 0, 0, 0, 0.268131, 0, 0.139866, 0.0285201, 0, 0.102397, 0.0239414, 0, 0, 0.0669321
1.06, 0.0501832, 0, 0, 0, 1.93975, 0, 0.80348, 0.186845, 0, 0.580296, 0.211957, 0, 0, 0.538531
1.063, 0.0391708, 0, 0, 0, 0.172075, 0, 0.103794, 0.0233429, 0, 0.0776251, 0.0164829, 0, 0, 0.0402492
1.064, 0.00359536, 0, 0, 0, 1.57849, 0, 0.92044, 0.159993, 0, 0.666046, 0.191479, 0, 0, 0.527664
1.067, 0.0415543, 0, 0, 0, 0.349104, 0, 0.181247, 0.0343395, 0, 0.128795, 0.0334207, 0, 0, 0.0956529
1.07, 0.0484981, 0, 0, 0, 1.64323, 0, 0.750916, 0.171366, 0, 0.536466, 0.196262, 0, 0, 0.49921
1.072, 0.0450129, 0, 0, 0, 0.359188, 0, 0.171393, 0.033343, 0, 0.120891, 0.0312177, 0, 0, 0.0889934
1.075, 0.0470989, 0, 0, 0, 1.63122, 0, 0.751605, 0.170593, 0, 0.536274, 0.19495, 0, 0, 0.495533
1.077, 0.0448124, 0, 0, 0, 0.36617, 0, 0.179906, 0.0349327, 0, 0.125661, 0.0332137, 0, 0, 0.0916314
1.08, 0.0469049, 0, 0, 0, 1.62481, 0, 0.75042, 0.171261, 0, 0.535574, 0.194719, 0, 0, 0.49368
1.083, 0.0394609, 0, 0, 0, 0.340277, 0, 0.179511, 0.0356161, 0, 0.126126, 0.0332505, 0, 0, 0.0896165
1.084, 0.0105991, 0, 0, 0, 1.59998, 0, 0.803115, 0.144533, 0, 0.5756, 0.171072, 0, 0, 0.46283
1.087, 0.0413754, 0, 0, 0, 0.356472, 0, 0.180711, 0.035157, 0, 0.127849, 0.0332849, 0, 0, 0.0936789
1.09, 0.0488364, 0, 0, 0, 1.78598, 0, 0.748208, 0.173046, 0, 0.535306, 0.196202, 0, 0, 0.497621
1.093, 0.0398744, 0, 0, 0, 0.251255, 0, 0.133314, 0.0283689, 0, 0.0976486, 0.02238, 0, 0, 0.0613413
1.096, 0.0495002, 0, 0, 0, 1.95962, 0, 0.815773, 0.191386, 0, 0.586268, 0.215661, 0, 0, 0.54665
1.099, 0.0391036, 0, 0, 0, 0.172267, 0, 0.102124, 0.0235248, 0, 0.0761976, 0.0162167, 0, 0, 0.038048
1.1, 0.00368093, 0, 0, 0, 1.8117, 0, 0.921379, 0.161631, 0, 0.663943, 0.191984, 0, 0, 0.527433
1.102, 0.0476224, 0, 0, 0, 0.25596, 0, 0.127616, 0.0265654, 0, 0.0924801, 0.0208739, 0, 0, 0.0612439
1.105, 0.0491968, 0, 0, 0, 1.79306, 0, 0.811249, 0.189512, 0, 0.580516, 0.214096, 0, 0, 0.543316
1.107, 0.0450787, 0, 0, 0, 0.29081, 0, 0.137504, 0.0286618, 0, 0.0977479, 0.0234031, 0, 0, 0.067385
1.11, 0.0477369, 0, 0, 0, 1.73571, 0, 0.794494, 0.184878, 0, 0.56819, 0.208412, 0, 0, 0.527522
1.112, 0.0445781, 0, 0, 0, 0.312867, 0, 0.155485, 0.0317371, 0, 0.108971, 0.0277166, 0, 0, 0.0758712
1.115, 0.0473192, 0, 0, 0, 1.7069, 0, 0.783139, 0.182745, 0, 0.560449, 0.205234, 0, 0, 0.518411
1.118, 0.0388785, 0, 0, 0, 0.278971, 0, 0.159389, 0.0328954, 0, 0.112488, 0.0287746, 0, 0, 0.075145
1.119, 0.00819641, 0, 0, 0, 1.47193, 0, 0.846383, 0.153074, 0, 0.6085, 0.179968, 0, 0, 0.486905
1.121, 0.0470803, 0, 0, 0, 0.451626, 0, 0.23086, 0.0423972, 0, 0.155423, 0.0460772, 0, 0, 0.122389
1.124, 0.0467339, 0, 0, 0, 1.51006, 0, 0.694242, 0.159022, 0, 0.494215, 0.179868, 0, 0, 0.455371
1.127, 0.0394418, 0, 0, 0, 0.405346, 0, 0.215318, 0.0403981, 0, 0.149443, 0.0405453, 0, 0, 0.112031
1.13, 0.046897, 0, 0, 0, 1.57719, 0, 0.721297, 0.167043, 0, 0.515981, 0.188073, 0, 0, 0.476107
1.132, 0.0439439, 0, 0, 0, 0.406223, 0, 0.198747, 0.0378218, 0, 0.137767, 0.0371089, 0, 0, 0.101968
1.134, 0.0394327, 0, 0, 0, 1.70157, 0, 0.702464, 0.187584, 0, 0.513973, 0.18724, 0, 0, 0.47349
1.137, 0.0387356, 0, 0, 0, 0.297188, 0, 0.156416, 0.0318656, 0, 0.111446, 0.0279358, 0, 0, 0.0757658
1.138, 0.00841537, 0, 0, 0, 1.66529, 0, 0.829556, 0.161175, 0, 0.600745, 0.174611, 0, 0, 0.479025
1.141, 0.0397021, 0, 0, 0, 0.316241, 0, 0.159468, 0.0315844, 0, 0.114641, 0.0284381, 0, 0, 0.0810046
1.148, 0.0431868, 0, 0, 0, 1.87079, 0, 0.786971, 0.182947, 0, 0.565973, 0.204748, 0, 0, 0.518038
1.151, 0.0350609, 0, 0, 0, 0.213088, 0, 0.126419, 0.0279271, 0, 0.0915438, 0.0210969, 0, 0, 0.051363
1.154, 0.0467452, 0, 0, 0, 2.04436, 0, 0.817205, 0.236768, 0, 0.614253, 0.224712, 0, 0, 0.56796
1.155, 0.0833866, 0, 0, 0, 0.490957, 0, 0.110289, 0.0330161, 0, 0.075023, 0.0301589, 0, 0, 0.102916
1.158, 0.0416574, 0, 0, 0, 1.5801, 0, 0.663771, 0.174149, 0, 0.479289, 0.176672, 0, 0, 0.439814
1.161, 0.0360351, 0, 0, 0, 0.372213, 0, 0.198437, 0.0381005, 0, 0.137783, 0.037379, 0, 0, 0.0993947
1.164, 0.0447399, 0, 0, 0, 1.77504, 0, 0.722852, 0.199723, 0, 0.528516, 0.198098, 0, 0, 0.492838
1.167, 0.0359615, 0, 0, 0, 0.260652, 0, 0.142469, 0.0296967, 0, 0.102643, 0.0243566, 0, 0, 0.0649232
1.17, 0.0457316, 0, 0, 0, 1.96024, 0, 0.784076, 0.223748, 0, 0.589871, 0.214281, 0, 0, 0.544082
1.171, 0.0802673, 0, 0, 0, 0.50047, 0, 0.118596, 0.033262, 0, 0.0804593, 0.0316157, 0, 0, 0.105563
1.174, 0.0412591, 0, 0, 0, 1.56416, 0, 0.656123, 0.170121, 0, 0.482272, 0.171207, 0, 0, 0.434949
1.177, 0.0357674, 0, 0, 0, 0.380048, 0, 0.200554, 0.037987, 0, 0.140392, 0.0377456, 0, 0, 0.10183
1.18, 0.0444873, 0, 0, 0, 1.75977, 0, 0.71706, 0.196162, 0, 0.534597, 0.192737, 0, 0, 0.488632
1.183, 0.0358515, 0, 0, 0, 0.265903, 0, 0.144265, 0.029649, 0, 0.104135, 0.0251718, 0, 0, 0.0668004
1.186, 0.045741, 0, 0, 0, 1.94963, 0, 0.780506, 0.221169, 0, 0.588588, 0.213179, 0, 0, 0.54116
1.189, 0.0352858, 0, 0, 0, 0.176499, 0, 0.105551, 0.0237698, 0, 0.0786517, 0.0171417, 0, 0, 0.0401203
1.19, 0.00304524, 0, 0, 0, 1.59478, 0, 0.913955, 0.177859, 0, 0.670332, 0.191192, 0, 0, 0.52689
1.193, 0.0379043, 0, 0, 0, 0.338947, 0, 0.178882, 0.0337663, 0, 0.126889, 0.0332095, 0, 0, 0.0932217
1.196, 0.0454407, 0, 0, 0, 1.68553, 0, 0.757956, 0.173138, 0, 0.544571, 0.198595, 0, 0, 0.504705
1.199, 0.0363063, 0, 0, 0, 0.286574, 0, 0.155976, 0.0308385, 0, 0.111918, 0.0279891, 0, 0, 0.0766231
1.202, 0.0458196, 0, 0, 0, 1.74639, 0, 0.795695, 0.18223, 0, 0.57063, 0.208604, 0, 0, 0.529296
1.205, 0.036433, 0, 0, 0, 0.256225, 0, 0.143265, 0.0293422, 0, 0.102781, 0.0250498, 0, 0, 0.0671038
1.206, 0.00615669, 0, 0, 0, 1.48369, 0, 0.859989, 0.151266, 0, 0.618525, 0.181366, 0, 0, 0.494218
1.209, 0.0391833, 0, 0, 0, 0.414253, 0, 0.215869, 0.0393071, 0, 0.150879, 0.0408039, 0, 0, 0.115881
1.212, 0.0457907, 0, 0, 0, 1.55226, 0, 0.714452, 0.160698, 0, 0.507392, 0.185284, 0, 0, 0.470276
1.219, 0.0411282, 0, 0, 0, 0.356807, 0, 0.184361, 0.0344077, 0, 0.131594, 0.0343008, 0, 0, 0.100105
1.226, 0.0447407, 0, 0, 0, 1.78792, 0, 0.761801, 0.171719, 0, 0.542435, 0.196499, 0, 0, 0.497334
1.229, 0.0375584, 0, 0, 0, 0.250751, 0, 0.13917, 0.0297411, 0, 0.101545, 0.0240659, 0, 0, 0.0619961
1.23, 0.00740913, 0, 0, 0, 1.71344, 0, 0.866071, 0.155813, 0, 0.62352, 0.184411, 0, 0, 0.497484
1.232, 0.0469329, 0, 0, 0, 0.309446, 0, 0.156231, 0.0312693, 0, 0.111695, 0.0276833, 0, 0, 0.0764627
1.234, 0.0417453, 0, 0, 0, 1.8506, 0, 0.776465, 0.179743, 0, 0.551845, 0.206597, 0, 0, 0.516837
1.237, 0.0399665, 0, 0, 0, 0.222791, 0, 0.119411, 0.0260099, 0, 0.0892444, 0.0191674, 0, 0, 0.0522952
1.239, 0.0428163, 0, 0, 0, 1.99069, 0, 0.822361, 0.197191, 0, 0.583924, 0.225659, 0, 0, 0.556665
1.242, 0.0399146, 0, 0, 0, 0.161462, 0, 0.0932302, 0.0218672, 0, 0.0701312, 0.01479, 0, 0, 0.0341897
1.243, 0.00508125, 0, 0, 0, 1.82528, 0, 0.931457, 0.159033, 0, 0.669107, 0.191009, 0, 0, 0.531106
1.246, 0.0411838, 0, 0, 0, 0.215655, 0, 0.115062, 0.0244079, 0, 0.0864068, 0.0180029, 0, 0, 0.0530558
1.249, 0.0499878, 0, 0, 0, 1.84146, 0, 0.834244, 0.194587, 0, 0.578709, 0.22472, 0, 0, 0.558425
1.252, 0.0391408, 0, 0, 0, 0.206333, 0, 0.11626, 0.0252558, 0, 0.0877888, 0.0186172, 0, 0, 0.051902
1.255, 0.0494544, 0, 0, 0, 1.85187, 0, 0.846305, 0.197302, 0, 0.58689, 0.227589, 0, 0, 0.564506
1.258, 0.0385784, 0, 0, 0, 0.202572, 0, 0.117823, 0.0259549, 0, 0.0890779, 0.0191819, 0, 0, 0.0520355
1.259, 0.00577762, 0, 0, 0, 1.52429, 0, 0.895935, 0.159147, 0, 0.616183, 0.19466, 0, 0, 0.514501
1.262, 0.0410211, 0, 0, 0, 0.381287, 0, 0.200019, 0.0375651, 0, 0.141021, 0.0374493, 0, 0, 0.10782
1.266, 0.0475399, 0, 0, 0, 1.61311, 0, 0.737065, 0.168711, 0, 0.510723, 0.194353, 0, 0, 0.484474
1.269, 0.038535, 0, 0, 0, 0.332041, 0, 0.178656, 0.0353061, 0, 0.127751, 0.0331201, 0, 0, 0.0920243
1.272, 0.047312, 0, 0, 0, 1.67532, 0, 0.767906, 0.178571, 0, 0.536737, 0.204079, 0, 0, 0.510426
1.275, 0.0384545, 0, 0, 0, 0.299217, 0, 0.163125, 0.0333305, 0, 0.117783, 0.0296423, 0, 0, 0.0808781
1.278, 0.0472304, 0, 0, 0, 1.72825, 0, 0.7886, 0.185535, 0, 0.566135, 0.207579, 0, 0, 0.525641
1.282, 0.0372853, 0, 0, 0, 0.258302, 0, 0.146554, 0.0307559, 0, 0.106753, 0.0258201, 0, 0, 0.0707115
1.285, 0.0478197, 0, 0, 0, 1.79164, 0, 0.810356, 0.193327, 0, 0.58336, 0.214954, 0, 0, 0.544023
1.287, 0.0439325, 0, 0, 0, 0.29628, 0, 0.140117, 0.0294528, 0, 0.100888, 0.0240463, 0, 0, 0.0687999
1.289, 0.0377993, 0, 0, 0, 1.68122, 0, 0.788567, 0.18385, 0, 0.564524, 0.206545, 0, 0, 0.522431
1.291, 0.0440655, 0, 0, 0, 0.335092, 0, 0.167386, 0.0334422, 0, 0.117644, 0.0304124, 0, 0, 0.0835095
1.294, 0.0449655, 0, 0, 0, 1.67145, 0, 0.765721, 0.181212, 0, 0.551061, 0.200716, 0, 0, 0.508054
1.297, 0.0366051, 0, 0, 0, 0.300597, 0, 0.167094, 0.0340384, 0, 0.11819, 0.0304852, 0, 0, 0.0808991
1.298, 0.0073157, 0, 0, 0, 1.44758, 0, 0.830605, 0.151223, 0, 0.597847, 0.176427, 0, 0, 0.478183
1.301, 0.0389745, 0, 0, 0, 0.447265, 0, 0.234216, 0.0428536, 0, 0.161189, 0.045155, 0, 0, 0.125031
1.304, 0.0447243, 0, 0, 0, 1.63809, 0, 0.692373, 0.161277, 0, 0.494942, 0.180232, 0, 0, 0.456694
1.307, 0.036913, 0, 0, 0, 0.33177, 0, 0.171251, 0.034172, 0, 0.121796, 0.0311658, 0, 0, 0.0858771
1.31, 0.0553006, 0, 0, 0, 1.8254, 0, 0.762592, 0.181172, 0, 0.549557, 0.200684, 0, 0, 0.508873
1.312, 0.0490951, 0, 0, 0, 0.276329, 0, 0.132016, 0.0281602, 0, 0.0958764, 0.0219244, 0, 0, 0.0629787
1.315, 0.0517836, 0, 0, 0, 1.91733, 0, 0.801087, 0.191736, 0, 0.579644, 0.21099, 0, 0, 0.535169
1.316, 0.0895731, 0, 0, 0, 0.502728, 0, 0.121538, 0.0365468, 0, 0.0818556, 0.034315, 0, 0, 0.10682
1.323, 0, 0, 0, 0, 1.57256, 0, 0.65953, 0.175531, 0, 0.477068, 0.175543, 0, 0, 0.435894
1.329, 0.0369432, 0, 0, 0, 0.377491, 0, 0.193239, 0.0368875, 0, 0.136083, 0.0362043, 0, 0, 0.0998633
1.332, 0.0453722, 0, 0, 0, 1.76897, 0, 0.710716, 0.199203, 0, 0.52074, 0.19664, 0, 0, 0.489093
1.335, 0.0359642, 0, 0, 0, 0.26469, 0, 0.138174, 0.0288293, 0, 0.101125, 0.0232863, 0, 0, 0.0640159
1.336, 0.00791478, 0, 0, 0, 1.70579, 0, 0.851399, 0.165203, 0, 0.619228, 0.178259, 0, 0, 0.490841
1.339, 0.0376216, 0, 0, 0, 0.292039, 0, 0.147287, 0.0294076, 0, 0.106856, 0.0254099, 0, 0, 0.0730427
1.342, 0.0459872, 0, 0, 0, 1.89923, 0, 0.784222, 0.183904, 0, 0.565734, 0.206773, 0, 0, 0.526179
1.345, 0.0357604, 0, 0, 0, 0.193379, 0, 0.10766, 0.0236357, 0, 0.0812474, 0.0168715, 0, 0, 0.0441278
1.348, 0.0467278, 0, 0, 0, 2.05304, 0, 0.853905, 0.200708, 0, 0.61574, 0.225507, 0, 0, 0.573436
1.35, 0.042135, 0, 0, 0, 0.201564, 0, 0.0938509, 0.0216675, 0, 0.0691588, 0.0146084, 0, 0, 0.0395369
1.355, 0.0446994, 0, 0, 0, 1.90521, 0, 0.863911, 0.202296, 0, 0.621564, 0.226194, 0, 0, 0.571813
1.36, 0.0371401, 0, 0, 0, 0.169063, 0, 0.111416, 0.0245121, 0, 0.082122, 0.0175697, 0, 0, 0.0440685
1.363, 0.0488197, 0, 0, 0, 1.92639, 0, 0.872773, 0.206886, 0, 0.628344, 0.231965, 0, 0, 0.586554
1.366, 0.0369255, 0, 0, 0, 0.173652, 0, 0.10865, 0.0243488, 0, 0.0800697, 0.0173539, 0, 0, 0.0413419
1.369, 0.0482151, 0, 0, 0, 1.91498, 0, 0.872812, 0.205004, 0, 0.627287, 0.230492, 0, 0, 0.58369
1.37, 0.0854407, 0, 0, 0, 0.528451, 0, 0.12145, 0.0378694, 0, 0.0801623, 0.0361329, 0, 0, 0.113782
1.372, 0.0376179, 0, 0, 0, 1.3657, 0, 0.645315, 0.160208, 0, 0.462636, 0.1648, 0, 0, 0.418362
1.375, 0.0388819, 0, 0, 0, 0.505814, 0, 0.271394, 0.0484055, 0, 0.180592, 0.0550731, 0, 0, 0.14394
1.379, 0.0461395, 0, 0, 0, 1.44717, 0, 0.653645, 0.169073, 0, 0.474221, 0.170807, 0, 0, 0.432233
1.382, 0.0392128, 0, 0, 0, 0.452871, 0, 0.241314, 0.043911, 0, 0.163503, 0.0472921, 0, 0, 0.126101
1.389, 0.0448772, 0, 0, 0, 1.65288, 0, 0.689409, 0.18217, 0, 0.498384, 0.183584, 0, 0, 0.457352
1.393, 0.0389069, 0, 0, 0, 0.327161, 0, 0.174622, 0.0346881, 0, 0.123, 0.0320359, 0, 0, 0.0856986
1.395, 0.0428089, 0, 0, 0, 1.84155, 0, 0.739618, 0.209568, 0, 0.534867, 0.210336, 0, 0, 0.510578
1.398, 0.0402975, 0, 0, 0, 0.234511, 0, 0.124596, 0.0263588, 0, 0.091798, 0.0198579, 0, 0, 0.0545841
1.4, 0.0425993, 0, 0, 0, 1.99078, 0, 0.785648, 0.230078, 0, 0.583863, 0.223013, 0, 0, 0.55223
1.403, 0.0396167, 0, 0, 0, 0.16622, 0, 0.0944197, 0.021817, 0, 0.0711395, 0.0148851, 0, 0, 0.0344908
1.404, 0.00478471, 0, 0, 0, 1.83573, 0, 0.925302, 0.173515, 0, 0.672564, 0.18958, 0, 0, 0.529612
1.407, 0.0405151, 0, 0, 0, 0.220634, 0, 0.113842, 0.023367, 0, 0.0854768, 0.0174454, 0, 0, 0.0518456
1.41, 0.0495155, 0, 0, 0, 1.84785, 0, 0.832402, 0.191204, 0, 0.596955, 0.21903, 0, 0, 0.559029
1.413, 0.0379995, 0, 0, 0, 0.203299, 0, 0.115358, 0.0242969, 0, 0.0858977, 0.0180967, 0, 0, 0.0499059
1.42, 0.0437149, 0, 0, 0, 1.91285, 0, 0.870844, 0.198959, 0, 0.62206, 0.226277, 0, 0, 0.571778
1.421, 0.0774552, 0, 0, 0, 0.565298, 0, 0.131941, 0.0399507, 0, 0.0837378, 0.0392013, 0, 0, 0.116625
1.424, 0.0408448, 0, 0, 0, 1.4674, 0, 0.634641, 0.159415, 0, 0.454047, 0.16319, 0, 0, 0.409108
1.427, 0.0372182, 0, 0, 0, 0.45871, 0, 0.24307, 0.0450248, 0, 0.163864, 0.0473136, 0, 0, 0.124178
1.429, 0.0393841, 0, 0, 0, 1.63014, 0, 0.68247, 0.178487, 0, 0.493383, 0.180923, 0, 0, 0.453157
1.432, 0.0379908, 0, 0, 0, 0.347535, 0, 0.181911, 0.0358481, 0, 0.126897, 0.0336043, 0, 0, 0.090325
1.435, 0.0460406, 0, 0, 0, 1.82137, 0, 0.73692, 0.204751, 0, 0.53765, 0.202564, 0, 0, 0.504021
1.438, 0.0365544, 0, 0, 0, 0.240813, 0, 0.131315, 0.0279575, 0, 0.0954184, 0.0215091, 0, 0, 0.057695
1.439, 0.00534125, 0, 0, 0, 1.74106, 0, 0.872462, 0.16942, 0, 0.633882, 0.182405, 0, 0, 0.501626
1.442, 0.0379764, 0, 0, 0, 0.275243, 0, 0.141932, 0.0286761, 0, 0.102568, 0.0239642, 0, 0, 0.0682269
1.445, 0.0463045, 0, 0, 0, 1.93059, 0, 0.771066, 0.216443, 0, 0.575035, 0.210333, 0, 0, 0.535129
1.448, 0.0354434, 0, 0, 0, 0.181892, 0, 0.103841, 0.023122, 0, 0.0779304, 0.0163639, 0, 0, 0.0408011
1.451, 0.0464685, 0, 0, 0, 2.08571, 0, 0.863778, 0.200506, 0, 0.621931, 0.228078, 0, 0, 0.579584
1.454, 0.0342689, 0, 0, 0, 0.122691, 0, 0.0838444, 0.0206456, 0, 0.0622556, 0.0135842, 0, 0, 0.0254787
1.455, 0.00216639, 0, 0, 0, 1.62988, 0, 0.958459, 0.16568, 0, 0.691355, 0.198603, 0, 0, 0.546885
1.458, 0.0368919, 0, 0, 0, 0.308357, 0, 0.165712, 0.031894, 0, 0.116844, 0.0297695, 0, 0, 0.084712
1.461, 0.0445577, 0, 0, 0, 1.69977, 0, 0.779126, 0.176644, 0, 0.552228, 0.203593, 0, 0, 0.517218
1.464, 0.0350412, 0, 0, 0, 0.274391, 0, 0.151034, 0.0303814, 0, 0.107616, 0.0265032, 0, 0, 0.0731427
1.467, 0.0448451, 0, 0, 0, 1.75174, 0, 0.804614, 0.183776, 0, 0.558838, 0.213682, 0, 0, 0.534208
1.47, 0.0348996, 0, 0, 0, 0.252033, 0, 0.141255, 0.0293056, 0, 0.102286, 0.0243714, 0, 0, 0.0656205
1.471, 0.00555532, 0, 0, 0, 1.4905, 0, 0.862863, 0.152101, 0, 0.5952, 0.186584, 0, 0, 0.495304
1.474, 0.0375696, 0, 0, 0, 0.409995, 0, 0.213578, 0.0391217, 0, 0.148868, 0.0402626, 0, 0, 0.11403
1.477, 0.0441997, 0, 0, 0, 1.56111, 0, 0.717941, 0.161338, 0, 0.497105, 0.188556, 0, 0, 0.471847
1.48, 0.0363099, 0, 0, 0, 0.367223, 0, 0.19274, 0.0366768, 0, 0.136431, 0.0357397, 0, 0, 0.0999484
1.483, 0.0448286, 0, 0, 0, 1.62451, 0, 0.746289, 0.169804, 0, 0.519065, 0.196827, 0, 0, 0.492046
1.486, 0.0365634, 0, 0, 0, 0.329066, 0, 0.17546, 0.0346478, 0, 0.125537, 0.0321763, 0, 0, 0.0885475
1.493, 0.0426912, 0, 0, 0, 1.84114, 0, 0.784771, 0.181374, 0, 0.562969, 0.203126, 0, 0, 0.512932
1.497, 0.036307, 0, 0, 0, 0.224525, 0, 0.12968, 0.0287168, 0, 0.0948798, 0.021844, 0, 0, 0.05526
1.499, 0.0415484, 0, 0, 0, 2.00763, 0, 0.828341, 0.200401, 0, 0.59085, 0.227311, 0, 0, 0.558395
1.501, 0.0447366, 0, 0, 0, 0.214391, 0, 0.104342, 0.0236489, 0, 0.076402, 0.0160124, 0, 0, 0.0445245
1.504, 0.0392413, 0, 0, 0, 0.0849943, 0, 0.0558656, 0.0160603, 0, 0.0420642, 0.00919924, 0, 0, 0.0128587
1.506, 0.0564494, 0, 0, 0, 2.21857, 0, 0.825546, 0.414652, 0, 0.573765, 0.402178, 0, 0, 0.623342
1.509, 0.0378847, 0, 0, 0, 0.0953031, 0, 0.0471359, 0.0124219, 0, 0.0382963, 0.00822045, 0, 0, 0.0144973
1.51, 0.00294002, 0, 0, 0, 1.62983, 0, 0.988748, 0.138955, 0, 0.671408, 0.188977, 0, 0, 0.550069
1.513, 0.0399987, 0, 0, 0, 0.299078, 0, 0.14122, 0.0251694, 0, 0.105577, 0.0234398, 0, 0, 0.0793973
1.516, 0.0477705, 0, 0, 0, 1.69483, 0, 0.769011, 0.16664, 0, 0.513144, 0.209006, 0, 0, 0.514965
1.519, 0.0382353, 0, 0, 0, 0.268188, 0, 0.135213, 0.0267277, 0, 0.103634, 0.0227641, 0, 0, 0.0712631
1.523, 0.0477291, 0, 0, 0, 1.7691, 0, 0.807377, 0.186961, 0, 0.53853, 0.219252, 0, 0, 0.534545
1.526, 0.0377341, 0, 0, 0, 0.239385, 0, 0.137142, 0.0314662, 0, 0.101613, 0.022007, 0, 0, 0.0635498
1.527, 0.00720354, 0, 0, 0, 1.47998, 0, 0.863888, 0.158015, 0, 0.58292, 0.193334, 0, 0, 0.499789
1.53, 0.0411056, 0, 0, 0, 0.412561, 0, 0.217002, 0.0422962, 0, 0.151568, 0.0405136, 0, 0, 0.117418
1.534, 0.0475218, 0, 0, 0, 1.5676, 0, 0.715556, 0.167085, 0, 0.495547, 0.188259, 0, 0, 0.470873
1.537, 0.0391404, 0, 0, 0, 0.3642, 0, 0.193345, 0.039429, 0, 0.137917, 0.0354621, 0, 0, 0.101019
1.54, 0.0477106, 0, 0, 0, 1.62892, 0, 0.741002, 0.178485, 0, 0.518787, 0.198448, 0, 0, 0.493494
1.543, 0.0394293, 0, 0, 0, 0.329823, 0, 0.176189, 0.0366009, 0, 0.126947, 0.032, 0, 0, 0.0900579
1.546, 0.0479108, 0, 0, 0, 1.82945, 0, 0.759115, 0.186532, 0, 0.539202, 0.204561, 0, 0, 0.512189
1.547, 0.0802771, 0, 0, 0, 0.512529, 0, 0.130805, 0.042384, 0, 0.0915522, 0.0389067, 0, 0, 0.113307
1.55, 0.0442362, 0, 0, 0, 1.53954, 0, 0.653988, 0.157049, 0, 0.47301, 0.169611, 0, 0, 0.430736
1.553, 0.0389202, 0, 0, 0, 0.402064, 0, 0.207337, 0.0408502, 0, 0.147252, 0.0389102, 0, 0, 0.107578
1.556, 0.0469637, 0, 0, 0, 1.72668, 0, 0.690349, 0.201652, 0, 0.521766, 0.189064, 0, 0, 0.479247
1.559, 0.038691, 0, 0, 0, 0.287277, 0, 0.150982, 0.0323215, 0, 0.110019, 0.0267182, 0, 0, 0.0723883
1.562, 0.0477204, 0, 0, 0, 1.91554, 0, 0.754517, 0.226603, 0, 0.575218, 0.209578, 0, 0, 0.531397
1.565, 0.0375692, 0, 0, 0, 0.194148, 0, 0.109815, 0.0252707, 0, 0.0841121, 0.0172504, 0, 0, 0.0443496
1.566, 0.00515252, 0, 0, 0, 1.796, 0, 0.893023, 0.181009, 0, 0.658464, 0.188661, 0, 0, 0.519637
1.568, 0.0460609, 0, 0, 0, 0.267477, 0, 0.131027, 0.0276949, 0, 0.0969735, 0.0221332, 0, 0, 0.064097
1.571, 0.0466618, 0, 0, 0, 1.92804, 0, 0.791584, 0.19661, 0, 0.581053, 0.211789, 0, 0, 0.538701
1.574, 0.0363479, 0, 0, 0, 0.181217, 0, 0.104787, 0.0237706, 0, 0.079804, 0.0165083, 0, 0, 0.0412743
1.577, 0.0471522, 0, 0, 0, 1.9072, 0, 0.851718, 0.211517, 0, 0.623996, 0.22842, 0, 0, 0.580179
1.58, 0.0354644, 0, 0, 0, 0.180777, 0, 0.109591, 0.0246908, 0, 0.0828594, 0.0173243, 0, 0, 0.0435967
1.581, 0.00448315, 0, 0, 0, 1.56692, 0, 0.908962, 0.164454, 0, 0.6601, 0.191415, 0, 0, 0.523849
1.586, 0.0374318, 0, 0, 0, 0.340011, 0, 0.180374, 0.0343194, 0, 0.128425, 0.0335294, 0, 0, 0.096656
1.59, 0.0455636, 0, 0, 0, 1.67413, 0, 0.753749, 0.1775, 0, 0.529896, 0.199927, 0, 0, 0.50312
1.593, 0.0353589, 0, 0, 0, 0.29234, 0, 0.15835, 0.0320425, 0, 0.113893, 0.0284853, 0, 0, 0.0778391
1.595, 0.0379223, 0, 0, 0, 1.68756, 0, 0.7815, 0.184081, 0, 0.543794, 0.211825, 0, 0, 0.52279
1.596, 0.0798783, 0, 0, 0, 0.541481, 0, 0.154025, 0.0462517, 0, 0.103625, 0.0478584, 0, 0, 0.126314
1.598, 0.048802, 0, 0, 0, 1.35693, 0, 0.640098, 0.142773, 0, 0.45323, 0.161798, 0, 0, 0.413237
1.601, 0.0478269, 0, 0, 0, 0.51852, 0, 0.267948, 0.0481069, 0, 0.18133, 0.0544105, 0, 0, 0.145745
1.605, 0.0363265, 0, 0, 0, 1.42299, 0, 0.655156, 0.150113, 0, 0.466037, 0.167764, 0, 0, 0.42658
1.608, 0.0276, 0, 0, 0, 0.491186, 0, 0.246572, 0.0452214, 0, 0.168857, 0.0483312, 0, 0, 0.131354
1.611, 0.0359083, 0, 0, 0, 1.57585, 0, 0.669284, 0.155387, 0, 0.477612, 0.173057, 0, 0, 0.438746
1.614, 0.0325967, 0, 0, 0, 0.379403, 0, 0.192287, 0.0373821, 0, 0.136133, 0.0354843, 0, 0, 0.0989403
1.617, 0.0427061, 0, 0, 0, 1.76384, 0, 0.733349, 0.174621, 0, 0.528892, 0.19227, 0, 0, 0.488116
1.618, 0.0743333, 0, 0, 0, 0.525345, 0, 0.146393, 0.0415796, 0, 0.0978961, 0.041259, 0, 0, 0.116666
1.621, 0.0399818, 0, 0, 0, 1.53182, 0, 0.652814, 0.151062, 0, 0.466783, 0.167003, 0, 0, 0.424238
1.624, 0.0351566, 0, 0, 0, 0.408907, 0, 0.210186, 0.0400816, 0, 0.146318, 0.0393898, 0, 0, 0.108289
1.627, 0.0438289, 0, 0, 0, 1.71687, 0, 0.696514, 0.194119, 0, 0.516995, 0.187722, 0, 0, 0.47543
1.634, 0.0393599, 0, 0, 0, 0.280692, 0, 0.139423, 0.0283479, 0, 0.103025, 0.0239683, 0, 0, 0.0704192
1.641, 0.0435285, 0, 0, 0, 1.92803, 0, 0.805584, 0.190039, 0, 0.582266, 0.210129, 0, 0, 0.533141
1.642, 0.0762277, 0, 0, 0, 0.536303, 0, 0.122613, 0.0363698, 0, 0.0814044, 0.0346425, 0, 0, 0.108761
1.644, 0.0354449, 0, 0, 0, 1.49478, 0, 0.655055, 0.146057, 0, 0.464607, 0.164377, 0, 0, 0.417102
1.647, 0.0382179, 0, 0, 0, 0.43303, 0, 0.226613, 0.0423221, 0, 0.155842, 0.0431689, 0, 0, 0.116446
1.65, 0.0464259, 0, 0, 0, 1.67825, 0, 0.687845, 0.18777, 0, 0.507714, 0.184228, 0, 0, 0.465217
1.653, 0.0390792, 0, 0, 0, 0.314744, 0, 0.165811, 0.0334928, 0, 0.117761, 0.0301526, 0, 0, 0.0805731
1.656, 0.0481886, 0, 0, 0, 1.8717, 0, 0.751532, 0.21311, 0, 0.562807, 0.204701, 0, 0, 0.51847
1.657, 0.0813151, 0, 0, 0, 0.509757, 0, 0.129558, 0.0366885, 0, 0.0869203, 0.03636, 0, 0, 0.109647
1.66, 0.0446516, 0, 0, 0, 1.55417, 0, 0.649688, 0.169951, 0, 0.470463, 0.172335, 0, 0, 0.431149
1.662, 0.0439431, 0, 0, 0, 0.415277, 0, 0.209322, 0.039102, 0, 0.144761, 0.0394611, 0, 0, 0.106177
1.665, 0.0468675, 0, 0, 0, 1.70517, 0, 0.699452, 0.190754, 0, 0.513061, 0.189027, 0, 0, 0.473253
1.671, 0.0421928, 0, 0, 0, 0.287624, 0, 0.148334, 0.0294947, 0, 0.107681, 0.0257909, 0, 0, 0.0736371
1.677, 0.0473578, 0, 0, 0, 1.91623, 0, 0.775931, 0.215126, 0, 0.580636, 0.208636, 0, 0, 0.53038
1.678, 0.0781087, 0, 0, 0, 0.537977, 0, 0.124455, 0.0348433, 0, 0.0830451, 0.0346193, 0, 0, 0.110022
1.681, 0.0441862, 0, 0, 0, 1.5067, 0, 0.639878, 0.161956, 0, 0.467436, 0.165573, 0, 0, 0.419182
1.684, 0.0399399, 0, 0, 0, 0.424, 0, 0.221972, 0.0407992, 0, 0.154601, 0.0423258, 0, 0, 0.114165
1.687, 0.0478885, 0, 0, 0, 1.69253, 0, 0.695979, 0.186127, 0, 0.515523, 0.185395, 0, 0, 0.469485
1.69, 0.0400073, 0, 0, 0, 0.305579, 0, 0.162171, 0.0323251, 0, 0.115651, 0.0293932, 0, 0, 0.0782763
1.693, 0.0488082, 0, 0, 0, 1.88679, 0, 0.759902, 0.211802, 0, 0.570214, 0.206074, 0, 0, 0.522943
1.697, 0.0389366, 0, 0, 0, 0.197823, 0, 0.112309, 0.0241793, 0, 0.0845133, 0.0178861, 0, 0, 0.0468055
1.704, 0.0445489, 0, 0, 0, 2.07432, 0, 0.840349, 0.237659, 0, 0.622215, 0.23131, 0, 0, 0.575613
1.707, 0.0354167, 0, 0, 0, 0.136789, 0, 0.0972268, 0.0234072, 0, 0.0707867, 0.0162905, 0, 0, 0.0293668
1.71, 0.0482525, 0, 0, 0, 2.17729, 0, 0.870637, 0.253155, 0, 0.646978, 0.243302, 0, 0, 0.605891
1.711, 0.0882351, 0, 0, 0, 0.48664, 0, 0.100948, 0.0300501, 0, 0.0695471, 0.0253283, 0, 0, 0.100873
1.714, 0.0419844, 0, 0, 0, 1.58257, 0, 0.67099, 0.17343, 0, 0.485979, 0.176325, 0, 0, 0.441677
1.717, 0.0365358, 0, 0, 0, 0.365386, 0, 0.199018, 0.0378644, 0, 0.137749, 0.0370815, 0, 0, 0.0989994
1.719, 0.0390054, 0, 0, 0, 1.76835, 0, 0.729626, 0.196281, 0, 0.536403, 0.196222, 0, 0, 0.493234
1.722, 0.0371945, 0, 0, 0, 0.260632, 0, 0.142944, 0.0292393, 0, 0.102512, 0.024159, 0, 0, 0.0657231
1.729, 0.0420046, 0, 0, 0, 1.96652, 0, 0.801926, 0.224429, 0, 0.603827, 0.21547, 0, 0, 0.545763
1.733, 0.0348486, 0, 0, 0, 0.168752, 0, 0.108575, 0.0246466, 0, 0.0794427, 0.0177312, 0, 0, 0.0389086
1.736, 0.046952, 0, 0, 0, 2.12141, 0, 0.844303, 0.245218, 0, 0.629445, 0.236494, 0, 0, 0.589188
1.739, 0.0343165, 0, 0, 0, 0.125257, 0, 0.0861052, 0.0212835, 0, 0.0620988, 0.0140513, 0, 0, 0.0249679
1.742, 0.046423, 0, 0, 0, 2.02902, 0, 0.870339, 0.25299, 0, 0.661004, 0.239216, 0, 0, 0.608961
1.745, 0.0334931, 0, 0, 0, 0.136208, 0, 0.0948351, 0.0223085, 0, 0.0683547, 0.0154621, 0, 0, 0.0308654
1.746, 0.00288312, 0, 0, 0, 1.62085, 0, 0.940322, 0.185494, 0, 0.689356, 0.197985, 0, 0, 0.542559
1.748, 0.0434532, 0, 0, 0, 0.341276, 0, 0.177288, 0.033099, 0, 0.123152, 0.032501, 0, 0, 0.0903435
1.751, 0.0432986, 0, 0, 0, 1.65207, 0, 0.738271, 0.199051, 0, 0.544846, 0.197754, 0, 0, 0.503022
1.754, 0.0346069, 0, 0, 0, 0.300032, 0, 0.167027, 0.0324018, 0, 0.117516, 0.030362, 0, 0, 0.0825085
1.757, 0.0443395, 0, 0, 0, 1.71626, 0, 0.763456, 0.208907, 0, 0.565303, 0.205995, 0, 0, 0.523148
1.76, 0.0348663, 0, 0, 0, 0.270337, 0, 0.151379, 0.0302289, 0, 0.107904, 0.0268442, 0, 0, 0.0721834
1.763, 0.0450248, 0, 0, 0, 1.77341, 0, 0.810786, 0.184105, 0, 0.58022, 0.211822, 0, 0, 0.537729
1.764, 0.0777115, 0, 0, 0, 0.550149, 0, 0.149079, 0.0399607, 0, 0.0951238, 0.0429192, 0, 0, 0.121186
1.766, 0.0355187, 0, 0, 0, 1.36382, 0, 0.647164, 0.137717, 0, 0.454283, 0.160971, 0, 0, 0.410791
1.769, 0.0366055, 0, 0, 0, 0.513417, 0, 0.270457, 0.0481969, 0, 0.181714, 0.0547751, 0, 0, 0.145437
1.772, 0.0436192, 0, 0, 0, 1.43955, 0, 0.647551, 0.165185, 0, 0.468534, 0.169653, 0, 0, 0.429373
1.775, 0.0373669, 0, 0, 0, 0.460983, 0, 0.240711, 0.043794, 0, 0.164996, 0.0469584, 0, 0, 0.128148
1.778, 0.044927, 0, 0, 0, 1.63166, 0, 0.673659, 0.176436, 0, 0.492188, 0.178412, 0, 0, 0.452163
1.781, 0.0377285, 0, 0, 0, 0.34179, 0, 0.175498, 0.0344648, 0, 0.124294, 0.0322009, 0, 0, 0.0884754
1.784, 0.0467339, 0, 0, 0, 1.8245, 0, 0.737614, 0.202447, 0, 0.54734, 0.199209, 0, 0, 0.505497
1.785, 0.077926, 0, 0, 0, 0.516913, 0, 0.138856, 0.0367653, 0, 0.090517, 0.0382028, 0, 0, 0.111839
1.788, 0.0435301, 0, 0, 0, 1.54232, 0, 0.646927, 0.165043, 0, 0.471295, 0.16855, 0, 0, 0.427987
1.79, 0.0426646, 0, 0, 0, 0.424578, 0, 0.211191, 0.0393482, 0, 0.146391, 0.0400189, 0, 0, 0.108654
1.793, 0.045866, 0, 0, 0, 1.68997, 0, 0.695476, 0.18578, 0, 0.51301, 0.185167, 0, 0, 0.469109
1.796, 0.0389369, 0, 0, 0, 0.307958, 0, 0.162697, 0.0327307, 0, 0.115749, 0.0295317, 0, 0, 0.0790437
1.799, 0.0483399, 0, 0, 0, 1.88303, 0, 0.757147, 0.211662, 0, 0.566332, 0.206094, 0, 0, 0.522064
1.802, 0.0389643, 0, 0, 0, 0.209956, 0, 0.118277, 0.0255098, 0, 0.0875526, 0.0190367, 0, 0, 0.0492204
1.803, 0.00678452, 0, 0, 0, 1.77882, 0, 0.890306, 0.173172, 0, 0.650624, 0.187042, 0, 0, 0.514027
1.805, 0.0473343, 0, 0, 0, 0.277951, 0, 0.137597, 0.0276054, 0, 0.0994754, 0.0234653, 0, 0, 0.0670326
1.808, 0.0489397, 0, 0, 0, 1.92392, 0, 0.797317, 0.185236, 0, 0.576823, 0.210152, 0, 0, 0.534345
1.811, 0.0389923, 0, 0, 0, 0.183176, 0, 0.106919, 0.0237099, 0, 0.0800542, 0.017137, 0, 0, 0.0423972
1.814, 0.0499664, 0, 0, 0, 1.92919, 0, 0.861826, 0.201721, 0, 0.623208, 0.228424, 0, 0, 0.579793
1.817, 0.038588, 0, 0, 0, 0.170655, 0, 0.107412, 0.0240014, 0, 0.0796035, 0.0172542, 0, 0, 0.0414036
1.818, 0.00596063, 0, 0, 0, 1.58154, 0, 0.920944, 0.161827, 0, 0.665129, 0.193421, 0, 0, 0.52852
1.821, 0.0411201, 0, 0, 0, 0.341673, 0, 0.181835, 0.0346189, 0, 0.127876, 0.0338986, 0, 0, 0.0952762
1.824, 0.0482552, 0, 0, 0, 1.65364, 0, 0.757169, 0.173005, 0, 0.540243, 0.198018, 0, 0, 0.502829
1.827, 0.0393703, 0, 0, 0, 0.302269, 0, 0.164521, 0.0326541, 0, 0.116846, 0.0298614, 0, 0, 0.0821401
1.83, 0.0481768, 0, 0, 0, 1.71366, 0, 0.78525, 0.180467, 0, 0.560363, 0.205801, 0, 0, 0.521837
1.835, 0.0396198, 0, 0, 0, 0.25739, 0, 0.144342, 0.0292127, 0, 0.104326, 0.0252644, 0, 0, 0.071049
1.836, 0.00999385, 0, 0, 0, 1.48743, 0, 0.865026, 0.144307, 0, 0.618434, 0.176272, 0, 0, 0.493332
1.839, 0.0415051, 0, 0, 0, 0.414272, 0, 0.208784, 0.0380228, 0, 0.145912, 0.0392371, 0, 0, 0.113839
1.842, 0.0471431, 0, 0, 0, 1.5478, 0, 0.710089, 0.159545, 0, 0.489395, 0.1874, 0, 0, 0.468947
1.845, 0.0389668, 0, 0, 0, 0.374353, 0, 0.193123, 0.0364747, 0, 0.13647, 0.0359139, 0, 0, 0.101743
1.848, 0.0465982, 0, 0, 0, 1.61028, 0, 0.738692, 0.167511, 0, 0.510801, 0.195577, 0, 0, 0.485708
1.85, 0.0439582, 0, 0, 0, 0.379381, 0, 0.182376, 0.0351761, 0, 0.129074, 0.0337388, 0, 0, 0.0951005
1.853, 0.0452419, 0, 0, 0, 1.60087, 0, 0.740133, 0.168741, 0, 0.515838, 0.194891, 0, 0, 0.487528
1.854, 0.0745126, 0, 0, 0, 0.584672, 0, 0.184046, 0.0502751, 0, 0.120668, 0.0543657, 0, 0, 0.139098
1.857, 0.0420524, 0, 0, 0, 1.43086, 0, 0.624409, 0.13811, 0, 0.44004, 0.15796, 0, 0, 0.399779
1.86, 0.0377145, 0, 0, 0, 0.486216, 0, 0.245971, 0.0454723, 0, 0.169391, 0.0483698, 0, 0, 0.130788
1.863, 0.044759, 0, 0, 0, 1.58716, 0, 0.676393, 0.154412, 0, 0.481749, 0.17475, 0, 0, 0.441813
1.866, 0.0376103, 0, 0, 0, 0.373015, 0, 0.19064, 0.0372363, 0, 0.13461, 0.0354308, 0, 0, 0.0975309
1.869, 0.0456672, 0, 0, 0, 1.77573, 0, 0.740626, 0.173696, 0, 0.5328, 0.194271, 0, 0, 0.491613
1.872, 0.0367101, 0, 0, 0, 0.262042, 0, 0.139199, 0.0297972, 0, 0.101117, 0.0238739, 0, 0, 0.0641555
1.873, 0.00677003, 0, 0, 0, 1.71038, 0, 0.859115, 0.152585, 0, 0.620476, 0.179811, 0, 0, 0.492867
1.876, 0.0380525, 0, 0, 0, 0.291626, 0, 0.148282, 0.0303639, 0, 0.107461, 0.0258252, 0, 0, 0.0733812
1.879, 0.0464045, 0, 0, 0, 1.89339, 0, 0.784216, 0.186021, 0, 0.566861, 0.207509, 0, 0, 0.527266
1.882, 0.0355837, 0, 0, 0, 0.198244, 0, 0.110467, 0.0245524, 0, 0.083305, 0.0173462, 0, 0, 0.0456567
1.884, 0.0387874, 0, 0, 0, 2.02631, 0, 0.838194, 0.201706, 0, 0.598992, 0.228583, 0, 0, 0.567709
1.887, 0.0434265, 0, 0, 0, 0.144927, 0, 0.0876221, 0.0210776, 0, 0.0656439, 0.0139744, 0, 0, 0.0303482
1.888, 0.00277777, 0, 0, 0, 1.84234, 0, 0.941873, 0.161661, 0, 0.677777, 0.193122, 0, 0, 0.537429
1.89, 0.0421386, 0, 0, 0, 0.240239, 0, 0.116207, 0.0244386, 0, 0.0861286, 0.0180772, 0, 0, 0.0562674
1.893, 0.0434628, 0, 0, 0, 1.80293, 0, 0.818205, 0.192199, 0, 0.569355, 0.219772, 0, 0, 0.546211
1.896, 0.0329988, 0, 0, 0, 0.222303, 0, 0.125339, 0.027018, 0, 0.0933235, 0.020766, 0, 0, 0.0572589
1.899, 0.0442791, 0, 0, 0, 1.82942, 0, 0.834743, 0.196413, 0, 0.580798, 0.224626, 0, 0, 0.556757
1.902, 0.0331793, 0, 0, 0, 0.212718, 0, 0.123069, 0.0269666, 0, 0.092314, 0.0203933, 0, 0, 0.0551859
1.905, 0.044582, 0, 0, 0, 1.8467, 0, 0.843622, 0.199152, 0, 0.590702, 0.226692, 0, 0, 0.565957
1.906, 0.081753, 0, 0, 0, 0.53497, 0, 0.128908, 0.0405529, 0, 0.0869903, 0.040065, 0, 0, 0.117947
1.909, 0.0390633, 0, 0, 0, 1.38752, 0, 0.651397, 0.14655, 0, 0.460794, 0.166084, 0, 0, 0.419732
1.912, 0.0351783, 0, 0, 0, 0.493003, 0, 0.263192, 0.0478557, 0, 0.177807, 0.0532255, 0, 0, 0.140371
1.916, 0.04327, 0, 0, 0, 1.46504, 0, 0.675937, 0.154608, 0, 0.482403, 0.17325, 0, 0, 0.439093
1.918, 0.0410256, 0, 0, 0, 0.473843, 0, 0.24069, 0.0445855, 0, 0.163433, 0.0475682, 0, 0, 0.125381
1.921, 0.0427798, 0, 0, 0, 1.61263, 0, 0.685919, 0.158774, 0, 0.490773, 0.177067, 0, 0, 0.44774
1.924, 0.0368183, 0, 0, 0, 0.355656, 0, 0.186067, 0.0369288, 0, 0.130839, 0.0345803, 0, 0, 0.093094
1.925, 0.0106075, 0, 0, 0, 1.59565, 0, 0.790343, 0.157996, 0, 0.57282, 0.168839, 0, 0, 0.457987
1.928, 0.0390288, 0, 0, 0, 0.365693, 0, 0.184006, 0.0358172, 0, 0.130438, 0.0339607, 0, 0, 0.0951753
1.931, 0.0466651, 0, 0, 0, 1.7853, 0, 0.716646, 0.201217, 0, 0.534333, 0.194826, 0, 0, 0.494069
1.933, 0.0434113, 0, 0, 0, 0.297464, 0, 0.139751, 0.0290112, 0, 0.101108, 0.0238974, 0, 0, 0.0686655
1.936, 0.0464646, 0, 0, 0, 1.89527, 0, 0.760558, 0.21615, 0, 0.570713, 0.207056, 0, 0, 0.525516
1.939, 0.0374355, 0, 0, 0, 0.200432, 0, 0.114001, 0.0251804, 0, 0.0855049, 0.0182033, 0, 0, 0.0464844
1.94, 0.00638211, 0, 0, 0, 1.78799, 0, 0.902032, 0.159582, 0, 0.654054, 0.188307, 0, 0, 0.516786
1.943, 0.0397848, 0, 0, 0, 0.245233, 0, 0.127835, 0.0268166, 0, 0.094875, 0.0213497, 0, 0, 0.0601922
1.945, 0.0421528, 0, 0, 0, 1.94824, 0, 0.797879, 0.196396, 0, 0.571371, 0.221186, 0, 0, 0.545049
1.948, 0.0390603, 0, 0, 0, 0.167654, 0, 0.0965596, 0.021875, 0, 0.0731875, 0.0152873, 0, 0, 0.0377742
1.951, 0.0495337, 0, 0, 0, 1.92883, 0, 0.868045, 0.205006, 0, 0.623892, 0.230378, 0, 0, 0.585482
1.954, 0.0379718, 0, 0, 0, 0.17008, 0, 0.102757, 0.0230466, 0, 0.0770699, 0.0163375, 0, 0, 0.0397826
1.955, 0.00608553, 0, 0, 0, 1.56193, 0, 0.918794, 0.162061, 0, 0.660189, 0.192686, 0, 0, 0.527062
1.958, 0.0407174, 0, 0, 0, 0.351161, 0, 0.185209, 0.0348676, 0, 0.130168, 0.0342519, 0, 0, 0.0977751
1.961, 0.0479245, 0, 0, 0, 1.63357, 0, 0.749223, 0.1723, 0, 0.518049, 0.19916, 0, 0, 0.495142
1.964, 0.0392842, 0, 0, 0, 0.31356, 0, 0.168093, 0.033173, 0, 0.119822, 0.0306319, 0, 0, 0.0857858
1.967, 0.0482861, 0, 0, 0, 1.69229, 0, 0.776688, 0.180075, 0, 0.538769, 0.207019, 0, 0, 0.514242
1.97, 0.0390749, 0, 0, 0, 0.285111, 0, 0.155651, 0.0317586, 0, 0.112408, 0.0278167, 0, 0, 0.0769935
1.973, 0.0484673, 0, 0, 0, 1.74863, 0, 0.796834, 0.186108, 0, 0.557136, 0.212511, 0, 0, 0.531576
1.976, 0.0387209, 0, 0, 0, 0.258724, 0, 0.143684, 0.0303013, 0, 0.105124, 0.025109, 0, 0, 0.0679498
1.977, 0.00816111, 0, 0, 0, 1.48678, 0, 0.858577, 0.153842, 0, 0.594917, 0.186062, 0, 0, 0.494363
1.98, 0.0409819, 0, 0, 0, 0.416542, 0, 0.216579, 0.0401729, 0, 0.151856, 0.0410102, 0, 0, 0.116175
1.983, 0.0471243, 0, 0, 0, 1.55511, 0, 0.710732, 0.164387, 0, 0.506847, 0.185583, 0, 0, 0.470145
1.986, 0.0390714, 0, 0, 0, 0.37356, 0, 0.195723, 0.0375354, 0, 0.138868, 0.0364056, 0, 0, 0.101927
1.993, 0.0436408, 0, 0, 0, 1.76708, 0, 0.752372, 0.175896, 0, 0.540336, 0.194725, 0, 0, 0.492237
1.994, 0.0708714, 0, 0, 0, 0.548777, 0, 0.154504, 0.0441945, 0, 0.101542, 0.0440701, 0, 0, 0.119635
1.997, 0.0420938, 0, 0, 0, 1.50056, 0, 0.649548, 0.149039, 0, 0.46267, 0.165364, 0, 0, 0.416686
2, 0.0375903, 0, 0, 0, 0.438724, 0, 0.228947, 0.0432875, 0, 0.157599, 0.0435247, 0, 0, 0.116934
2.003, 0.045348, 0, 0, 0, 1.67748, 0, 0.685817, 0.18899, 0, 0.508795, 0.183862, 0, 0, 0.464234
2.007, 0.0401387, 0, 0, 0, 1.1356, 0, 0.502675, 0.111655, 0, 0.353409, 0.122967, 0, 0, 0.3103
2.01, 0.0378653, 0, 0, 0, 0.556877, 0, 0.275432, 0.0493616, 0, 0.1882, 0.0551437, 0, 0, 0.147302
2.013, 0.0382138, 0, 0, 0, 0.194502, 0, 0.102442, 0.0232882, 0, 0.0781492, 0.0158644, 0, 0, 0.0413639
2.014, 0.041483, 0, 0, 0, 0.120643, 0, 0.0648399, 0.0170208, 0, 0.0499087, 0.00994666, 0, 0, 0.0177108
2.018, 0.0398383, 0, 0, 0, 0.0880082, 0, 0.0433937, 0.0120813, 0, 0.0358181, 0.0077348, 0, 0, 0.0109404
2.022, 0.0402807, 0, 0, 0, 0.0650499, 0, 0.0275515, 0.00872306, 0, 0.025618, 0.00563758, 0, 0, 0.00594032
2.026, 0.0403788, 0, 0, 0, 0.0427108, 0, 0.0170431, 0.00600437, 0, 0.0161461, 0.00372087, 0, 0, 0.00293406
2.029, 0.0332775, 0, 0, 0, 0.0274272, 0, 0.0108707, 0.00433278, 0, 0.0106472, 0.002436, 0, 0, 0.00125574
2.033, 0.0326353, 0, 0, 0, 0.0127592, 0, 0.00600443, 0.00245665, 0, 0.00564728, 0.00112587, 0, 0, 0
2.038, 0.0310993, 0, 0, 0, 0, 0, 0.000466913, 0.000719521, 0, 0.000757358, 6.31016e-05, 0, 0, 0
2.041, 0.0311014, 0, 0, 0, 0, 0, 0, 0, 0, 0, 0, 0, 0, 0
2.045, 0.0308964, 0, 0, 0, 0, 0, 0, 0, 0, 0, 0, 0, 0, 0
2.049, 0.0316147, 0, 0, 0, 0, 0, 0, 0, 0, 0, 0, 0, 0, 0
2.054, 0.0338449, 0, 0, 0, 0, 0, 0, 0, 0, 0, 0, 0, 0, 0
2.059, 0.0368427, 0, 0, 0, 0, 0, 0, 0, 0, 0, 0, 0, 0, 0
2.064, 0.0422346, 0, 0, 0, 0, 0, 0, 0, 0, 0, 0, 0, 0, 0
2.069, 0.0445495, 0, 0, 0, 0, 0, 0, 0, 0, 0, 0, 0, 0, 0
2.074, 0.0445828, 0, 0, 0, 0, 0, 0, 0, 0, 0, 0, 0, 0, 0
2.075, 0.0446123, 0, 0, 0, 0, 0, 0, 0, 0, 0, 0, 0, 0, 0
2.08, 0.0447778, 0, 0, 0, 0, 0, 0, 0, 0, 0, 0, 0, 0, 0
2.085, 0.0449403, 0, 0, 0, 0, 0, 0, 0, 0, 0, 0, 0, 0, 0
2.091, 0.0451279, 0, 0, 0, 0, 0, 0, 0, 0, 0, 0, 0, 0, 0
2.095, 0.0452087, 0, 0, 0, 0, 0, 0, 0, 0, 0, 0, 0, 0, 0
2.1, 0.0452287, 0, 0, 0, 0, 0, 0, 0, 0, 0, 0, 0, 0, 0
2.106, 0.0451081, 0, 0, 0, 0, 0, 0, 0, 0, 0, 0, 0, 0, 0
2.116, 0.0445447, 0, 0, 0, 0, 0, 0, 0, 0, 0, 0, 0, 0, 0
2.122, 0.0440274, 0, 0, 0, 0, 0, 0, 0, 0, 0, 0, 0, 0, 0
2.128, 0.0434286, 0, 0, 0, 0, 0, 0, 0, 0, 0, 0, 0, 0, 0
2.133, 0.0429033, 0, 0, 0, 0, 0, 0, 0, 0, 0, 0, 0, 0, 0
2.139, 0.0422818, 0, 0, 0, 0, 0, 0, 0, 0, 0, 0, 0, 0, 0
2.144, 0.0417977, 0, 0, 0, 0, 0, 0, 0, 0, 0, 0, 0, 0, 0
2.149, 0.0413617, 0, 0, 0, 0, 0, 0, 0, 0, 0, 0, 0, 0, 0
2.154, 0.0409846, 0, 0, 0, 0, 0, 0, 0, 0, 0, 0, 0, 0, 0
2.16, 0.0406174, 0, 0, 0, 0, 0, 0, 0, 0, 0, 0, 0, 0, 0
2.164, 0.0404263, 0, 0, 0, 0, 0, 0, 0, 0, 0, 0, 0, 0, 0
2.17, 0.0402204, 0, 0, 0, 0, 0, 0, 0, 0, 0, 0, 0, 0, 0
2.171, 0.0401955, 0, 0, 0, 0, 0, 0, 0, 0, 0, 0, 0, 0, 0
2.177, 0.040239, 0, 0, 0, 0, 0, 0, 0, 0, 0, 0, 0, 0, 0
2.183, 0.0400681, 0, 0, 0, 0, 0, 0, 0, 0, 0, 0, 0, 0, 0
2.189, 0.0402103, 0, 0, 0, 0, 0, 0, 0, 0, 0, 0, 0, 0, 0
2.195, 0.0404466, 0, 0, 0, 0, 0, 0, 0, 0, 0, 0, 0, 0, 0
2.201, 0.0407928, 0, 0, 0, 0, 0, 0, 0, 0, 0, 0, 0, 0, 0
2.213, 0.0417989, 0, 0, 0, 0, 0, 0, 0, 0, 0, 0, 0, 0, 0
2.219, 0.0424277, 0, 0, 0, 0, 0, 0, 0, 0, 0, 0, 0, 0, 0
2.224, 0.0429847, 0, 0, 0, 0, 0, 0, 0, 0, 0, 0, 0, 0, 0
2.225, 0.0430971, 0, 0, 0, 0, 0, 0, 0, 0, 0, 0, 0, 0, 0
2.23, 0.0436508, 0, 0, 0, 0, 0, 0, 0, 0, 0, 0, 0, 0, 0
2.235, 0.0441655, 0, 0, 0, 0, 0, 0, 0, 0, 0, 0, 0, 0, 0
2.241, 0.0446834, 0, 0, 0, 0, 0, 0, 0, 0, 0, 0, 0, 0, 0
2.247, 0.0450422, 0, 0, 0, 0, 0, 0, 0, 0, 0, 0, 0, 0, 0
2.253, 0.0452035, 0, 0, 0, 0, 0, 0, 0, 0, 0, 0, 0, 0, 0
2.259, 0.0451494, 0, 0, 0, 0, 0, 0, 0, 0, 0, 0, 0, 0, 0
2.264, 0.0449451, 0, 0, 0, 0, 0, 0, 0, 0, 0, 0, 0, 0, 0
2.269, 0.044614, 0, 0, 0, 0, 0, 0, 0, 0, 0, 0, 0, 0, 0
2.275, 0.0440866, 0, 0, 0, 0, 0, 0, 0, 0, 0, 0, 0, 0, 0
2.276, 0.0439883, 0, 0, 0, 0, 0, 0, 0, 0, 0, 0, 0, 0, 0
2.282, 0.0433618, 0, 0, 0, 0, 0, 0, 0, 0, 0, 0, 0, 0, 0
2.288, 0.0427125, 0, 0, 0, 0, 0, 0, 0, 0, 0, 0, 0, 0, 0
2.294, 0.0410202, 0, 0, 0, 0, 0, 0, 0, 0, 0, 0, 0, 0, 0
2.3, 0.0412194, 0, 0, 0, 0, 0, 0, 0, 0, 0, 0, 0, 0, 0
2.306, 0.0409271, 0, 0, 0, 0, 0, 0, 0, 0, 0, 0, 0, 0, 0
2.317, 0, 0, 0, 0, 0, 0, 0, 0, 0, 0, 0, 0, 0, 0
2.328, 0.0210579, 0, 0, 0, 0, 0, 0, 0, 0, 0, 0, 0, 0, 0
2.329, 0.0197209, 0, 0, 0, 0, 0, 0, 0, 0, 0, 0, 0, 0, 0
2.335, 0, 0, 0, 0, 0, 0, 0, 0, 0, 0, 0, 0, 0, 0
2.341, 0, 0, 0, 0, 0, 0, 0, 0, 0, 0, 0, 0, 0, 0
2.347, 0, 0, 0, 0, 0, 0, 0, 0, 0, 0, 0, 0, 0, 0
2.352, 0, 0, 0, 0, 0, 0, 0, 0, 0, 0, 0, 0, 0, 0
2.358, 0.0869985, 0, 0, 0, 0, 0, 0, 0, 0, 0, 0, 0, 0, 0
2.364, 0.101454, 0, 0, 0, 0, 0, 0, 0, 0, 0, 0, 0, 0, 0
2.368, 0.0640851, 0, 0, 0, 0, 0, 0, 0, 0, 0, 0, 0, 0, 0
2.373, 0, 0, 0, 0, 0, 0, 0, 0, 0, 0, 0, 0, 0, 0
2.378, 0.0453411, 0, 0, 0, 0, 0, 0, 0, 0, 0, 0, 0, 0, 0
2.379, 0.0310796, 0, 0, 0, 0, 0, 0, 0, 0, 0, 0, 0, 0, 0
2.384, 0.0401953, 0, 0, 0, 0, 0, 0, 0, 0, 0, 0, 0, 0, 0
2.39, 0.0175393, 0, 0, 0, 0, 0, 0, 0, 0, 0, 0, 0, 0, 0
2.401, 0.027247, 0, 0, 0, 0, 0, 0, 0, 0, 0, 0, 0, 0, 0
2.412, 0.0285992, 0, 0, 0, 0, 0, 0, 0, 0, 0, 0, 0, 0, 0
2.417, 0.0424268, 0, 0, 0, 0, 0, 0, 0, 0, 0, 0, 0, 0, 0
2.422, 0.0360273, 0, 0, 0, 0, 0, 0, 0, 0, 0, 0, 0, 0, 0
2.428, 0.0417553, 0, 0, 0, 0, 0, 0, 0, 0, 0, 0, 0, 0, 0
2.429, 0.0417069, 0, 0, 0, 0, 0, 0, 0, 0, 0, 0, 0, 0, 0
2.434, 0.0414671, 0, 0, 0, 0, 0, 0, 0, 0, 0, 0, 0, 0, 0
2.44, 0.0412236, 0, 0, 0, 0, 0, 0, 0, 0, 0, 0, 0, 0, 0
2.446, 0.0408709, 0, 0, 0, 0, 0, 0, 0, 0, 0, 0, 0, 0, 0
2.452, 0.0407894, 0, 0, 0, 0, 0, 0, 0, 0, 0, 0, 0, 0, 0
2.458, 0.0404392, 0, 0, 0, 0, 0, 0, 0, 0, 0, 0, 0, 0, 0
2.464, 0.0402534, 0, 0, 0, 0, 0, 0, 0, 0, 0, 0, 0, 0, 0
2.47, 0.0397433, 0, 0, 0, 0, 0, 0, 0, 0, 0, 0, 0, 0, 0
2.475, 0.040262, 0, 0, 0, 0, 0, 0, 0, 0, 0, 0, 0, 0, 0
2.481, 0.0403195, 0, 0, 0, 0, 0, 0, 0, 0, 0, 0, 0, 0, 0
2.482, 0.0403651, 0, 0, 0, 0, 0, 0, 0, 0, 0, 0, 0, 0, 0
2.488, 0.0406427, 0, 0, 0, 0, 0, 0, 0, 0, 0, 0, 0, 0, 0
2.494, 0.0409885, 0, 0, 0, 0, 0, 0, 0, 0, 0, 0, 0, 0, 0
2.506, 0.0424077, 0, 0, 0, 0, 0, 0, 0, 0, 0, 0, 0, 0, 0
2.518, 0.0431789, 0, 0, 0, 0, 0, 0, 0, 0, 0, 0, 0, 0, 0
2.523, 0.0436886, 0, 0, 0, 0, 0, 0, 0, 0, 0, 0, 0, 0, 0
2.529, 0.0442046, 0, 0, 0, 0, 0, 0, 0, 0, 0, 0, 0, 0, 0
2.533, 0.0444775, 0, 0, 0, 0, 0, 0, 0, 0, 0, 0, 0, 0, 0
2.534, 0.0445349, 0, 0, 0, 0, 0, 0, 0, 0, 0, 0, 0, 0, 0
2.54, 0.0447747, 0, 0, 0, 0, 0, 0, 0, 0, 0, 0, 0, 0, 0
2.546, 0.0447871, 0, 0, 0, 0, 0, 0, 0, 0, 0, 0, 0, 0, 0
2.552, 0.0445852, 0, 0, 0, 0, 0, 0, 0, 0, 0, 0, 0, 0, 0
2.558, 0.044314, 0, 0, 0, 0, 0, 0, 0, 0, 0, 0, 0, 0, 0
2.564, 0.0438349, 0, 0, 0, 0, 0, 0, 0, 0, 0, 0, 0, 0, 0
2.57, 0.043257, 0, 0, 0, 0, 0, 0, 0, 0, 0, 0, 0, 0, 0
2.576, 0.0426409, 0, 0, 0, 0, 0, 0, 0, 0, 0, 0, 0, 0, 0
2.582, 0.0420383, 0, 0, 0, 0, 0, 0, 0, 0, 0, 0, 0, 0, 0
2.588, 0.0414925, 0, 0, 0, 0, 0, 0, 0, 0, 0, 0, 0, 0, 0
2.594, 0.0410381, 0, 0, 0, 0, 0, 0, 0, 0, 0, 0, 0, 0, 0
2.599, 0.0407467, 0, 0, 0, 0, 0, 0, 0, 0, 0, 0, 0, 0, 0
2.604, 0.0405449, 0, 0, 0, 0, 0, 0, 0, 0, 0, 0, 0, 0, 0
2.608, 0.0404522, 0, 0, 0, 0, 0, 0, 0, 0, 0, 0, 0, 0, 0
2.613, 0.0404251, 0, 0, 0, 0, 0, 0, 0, 0, 0, 0, 0, 0, 0
2.618, 0.0404981, 0, 0, 0, 0, 0, 0, 0, 0, 0, 0, 0, 0, 0
2.623, 0.0406702, 0, 0, 0, 0, 0, 0, 0, 0, 0, 0, 0, 0, 0
2.628, 0.0409381, 0, 0, 0, 0, 0, 0, 0, 0, 0, 0, 0, 0, 0
2.629, 0.0410026, 0, 0, 0, 0, 0, 0, 0, 0, 0, 0, 0, 0, 0
2.635, 0.0414601, 0, 0, 0, 0, 0, 0, 0, 0, 0, 0, 0, 0, 0
2.64, 0.0419217, 0, 0, 0, 0, 0, 0, 0, 0, 0, 0, 0, 0, 0
2.645, 0.0424372, 0, 0, 0, 0, 0, 0, 0, 0, 0, 0, 0, 0, 0
2.65, 0.0429833, 0, 0, 0, 0, 0, 0, 0, 0, 0, 0, 0, 0, 0
2.654, 0.0434225, 0, 0, 0, 0, 0, 0, 0, 0, 0, 0, 0, 0, 0
2.66, 0.0440466, 0, 0, 0, 0, 0, 0, 0, 0, 0, 0, 0, 0, 0
2.666, 0.0461579, 0, 0, 0, 0, 0, 0, 0, 0, 0, 0, 0, 0, 0
2.672, 0.0447738, 0, 0, 0, 0, 0, 0, 0, 0, 0, 0, 0, 0, 0
2.678, 0.0451294, 0, 0, 0, 0, 0, 0, 0, 0, 0, 0, 0, 0, 0
2.685, 0.0450639, 0, 0, 0, 0, 0, 0, 0, 0, 0, 0, 0, 0, 0
2.696, 0.0445097, 0, 0, 0, 0, 0, 0, 0, 0, 0, 0, 0, 0, 0
2.702, 0.0439736, 0, 0, 0, 0, 0, 0, 0, 0, 0, 0, 0, 0, 0
2.707, 0.0434599, 0, 0, 0, 0, 0, 0, 0, 0, 0, 0, 0, 0, 0
2.712, 0.0429218, 0, 0, 0, 0, 0, 0, 0, 0, 0, 0, 0, 0, 0
2.717, 0.0423896, 0, 0, 0, 0, 0, 0, 0, 0, 0, 0, 0, 0, 0
2.723, 0.0417924, 0, 0, 0, 0, 0, 0, 0, 0, 0, 0, 0, 0, 0
2.728, 0.0413499, 0, 0, 0, 0, 0, 0, 0, 0, 0, 0, 0, 0, 0
2.729, 0.0412686, 0, 0, 0, 0, 0, 0, 0, 0, 0, 0, 0, 0, 0
2.735, 0.0408361, 0, 0, 0, 0, 0, 0, 0, 0, 0, 0, 0, 0, 0
2.741, 0.040503, 0, 0, 0, 0, 0, 0, 0, 0, 0, 0, 0, 0, 0
2.747, 0.0402713, 0, 0, 0, 0, 0, 0, 0, 0, 0, 0, 0, 0, 0
2.753, 0.0401407, 0, 0, 0, 0, 0, 0, 0, 0, 0, 0, 0, 0, 0
2.759, 0.0401113, 0, 0, 0, 0, 0, 0, 0, 0, 0, 0, 0, 0, 0
2.764, 0.0401656, 0, 0, 0, 0, 0, 0, 0, 0, 0, 0, 0, 0, 0
2.77, 0.0403293, 0, 0, 0, 0, 0, 0, 0, 0, 0, 0, 0, 0, 0
2.776, 0.0406049, 0, 0, 0, 0, 0, 0, 0, 0, 0, 0, 0, 0, 0
2.782, 0.0409953, 0, 0, 0, 0, 0, 0, 0, 0, 0, 0, 0, 0, 0
2.789, 0.0415909, 0, 0, 0, 0, 0, 0, 0, 0, 0, 0, 0, 0, 0
2.8, 0.0427672, 0, 0, 0, 0, 0, 0, 0, 0, 0, 0, 0, 0, 0
2.806, 0.0434665, 0, 0, 0, 0, 0, 0, 0, 0, 0, 0, 0, 0, 0
2.812, 0.0441409, 0, 0, 0, 0, 0, 0, 0, 0, 0, 0, 0, 0, 0
2.818, 0.0447296, 0, 0, 0, 0, 0, 0, 0, 0, 0, 0, 0, 0, 0
2.823, 0.0451121, 0, 0, 0, 0, 0, 0, 0, 0, 0, 0, 0, 0, 0
2.829, 0.0453992, 0, 0, 0, 0, 0, 0, 0, 0, 0, 0, 0, 0, 0
2.834, 0.0454748, 0, 0, 0, 0, 0, 0, 0, 0, 0, 0, 0, 0, 0
2.835, 0.0454712, 0, 0, 0, 0, 0, 0, 0, 0, 0, 0, 0, 0, 0
2.84, 0.0453605, 0, 0, 0, 0, 0, 0, 0, 0, 0, 0, 0, 0, 0
2.846, 0.0450389, 0, 0, 0, 0, 0, 0, 0, 0, 0, 0, 0, 0, 0
2.851, 0.0446394, 0, 0, 0, 0, 0, 0, 0, 0, 0, 0, 0, 0, 0
2.857, 0.0440474, 0, 0, 0, 0, 0, 0, 0, 0, 0, 0, 0, 0, 0
2.868, 0.0428311, 0, 0, 0, 0, 0, 0, 0, 0, 0, 0, 0, 0, 0
2.873, 0.0422983, 0, 0, 0, 0, 0, 0, 0, 0, 0, 0, 0, 0, 0
2.878, 0.0418154, 0, 0, 0, 0, 0, 0, 0, 0, 0, 0, 0, 0, 0
2.883, 0.0414031, 0, 0, 0, 0, 0, 0, 0, 0, 0, 0, 0, 0, 0
2.884, 0.0413304, 0, 0, 0, 0, 0, 0, 0, 0, 0, 0, 0, 0, 0
2.89, 0.0409713, 0, 0, 0, 0, 0, 0, 0, 0, 0, 0, 0, 0, 0
2.895, 0.0407797, 0, 0, 0, 0, 0, 0, 0, 0, 0, 0, 0, 0, 0
2.9, 0.0406918, 0, 0, 0, 0, 0, 0, 0, 0, 0, 0, 0, 0, 0
2.905, 0.0407099, 0, 0, 0, 0, 0, 0, 0, 0, 0, 0, 0, 0, 0
2.91, 0.040834, 0, 0, 0, 0, 0, 0, 0, 0, 0, 0, 0, 0, 0
2.916, 0.0411188, 0, 0, 0, 0, 0, 0, 0, 0, 0, 0, 0, 0, 0
2.921, 0.0414623, 0, 0, 0, 0, 0, 0, 0, 0, 0, 0, 0, 0, 0
2.927, 0.041986, 0, 0, 0, 0, 0, 0, 0, 0, 0, 0, 0, 0, 0
2.932, 0.0424964, 0, 0, 0, 0, 0, 0, 0, 0, 0, 0, 0, 0, 0
2.933, 0.0426045, 0, 0, 0, 0, 0, 0, 0, 0, 0, 0, 0, 0, 0
2.938, 0.0431646, 0, 0, 0, 0, 0, 0, 0, 0, 0, 0, 0, 0, 0
2.944, 0.0438463, 0, 0, 0, 0, 0, 0, 0, 0, 0, 0, 0, 0, 0
2.948, 0.04428, 0, 0, 0, 0, 0, 0, 0, 0, 0, 0, 0, 0, 0
2.954, 0.0448538, 0, 0, 0, 0, 0, 0, 0, 0, 0, 0, 0, 0, 0
2.959, 0.0452246, 0, 0, 0, 0, 0, 0, 0, 0, 0, 0, 0, 0, 0
2.963, 0.0454301, 0, 0, 0, 0, 0, 0, 0, 0, 0, 0, 0, 0, 0
2.969, 0.0455626, 0, 0, 0, 0, 0, 0, 0, 0, 0, 0, 0, 0, 0
2.97, 0.0455631, 0, 0, 0, 0, 0, 0, 0, 0, 0, 0, 0, 0, 0
2.975, 0.0454722, 0, 0, 0, 0, 0, 0, 0, 0, 0, 0, 0, 0, 0
2.981, 0.0451681, 0, 0, 0, 0, 0, 0, 0, 0, 0, 0, 0, 0, 0
2.987, 0.0446845, 0, 0, 0, 0, 0, 0, 0, 0, 0, 0, 0, 0, 0
2.992, 0.0441814, 0, 0, 0, 0, 0, 0, 0, 0, 0, 0, 0, 0, 0
2.998, 0.0435085, 0, 0, 0, 0, 0, 0, 0, 0, 0, 0, 0, 0, 0
3.004, 0.0428156, 0, 0, 0, 0, 0, 0, 0, 0, 0, 0, 0, 0, 0
3.01, 0.042153, 0, 0, 0, 0, 0, 0, 0, 0, 0, 0, 0, 0, 0
3.016, 0.0415586, 0, 0, 0, 0, 0, 0, 0, 0, 0, 0, 0, 0, 0
3.022, 0.0410564, 0, 0, 0, 0, 0, 0, 0, 0, 0, 0, 0, 0, 0
3.023, 0.0409826, 0, 0, 0, 0, 0, 0, 0, 0, 0, 0, 0, 0, 0
3.028, 0.0406586, 0, 0, 0, 0, 0, 0, 0, 0, 0, 0, 0, 0, 0
3.034, 0.0403692, 0, 0, 0, 0, 0, 0, 0, 0, 0, 0, 0, 0, 0
3.044, 0.0401263, 0, 0, 0, 0, 0, 0, 0, 0, 0, 0, 0, 0, 0
3.05, 0.0401236, 0, 0, 0, 0, 0, 0, 0, 0, 0, 0, 0, 0, 0
3.056, 0.0402304, 0, 0, 0, 0, 0, 0, 0, 0, 0, 0, 0, 0, 0
3.061, 0.0404061, 0, 0, 0, 0, 0, 0, 0, 0, 0, 0, 0, 0, 0
3.066, 0.0406633, 0, 0, 0, 0, 0, 0, 0, 0, 0, 0, 0, 0, 0
3.071, 0.0410031, 0, 0, 0, 0, 0, 0, 0, 0, 0, 0, 0, 0, 0
3.072, 0.0410808, 0, 0, 0, 0, 0, 0, 0, 0, 0, 0, 0, 0, 0
3.078, 0.0416125, 0, 0, 0, 0, 0, 0, 0, 0, 0, 0, 0, 0, 0
3.083, 0.0421321, 0, 0, 0, 0, 0, 0, 0, 0, 0, 0, 0, 0, 0
3.088, 0.0427043, 0, 0, 0, 0, 0, 0, 0, 0, 0, 0, 0, 0, 0
3.094, 0.0434269, 0, 0, 0, 0, 0, 0, 0, 0, 0, 0, 0, 0, 0
3.1, 0.0441383, 0, 0, 0, 0, 0, 0, 0, 0, 0, 0, 0, 0, 0
3.106, 0.0447772, 0, 0, 0, 0, 0, 0, 0, 0, 0, 0, 0, 0, 0
3.111, 0.0452093, 0, 0, 0, 0, 0, 0, 0, 0, 0, 0, 0, 0, 0
3.117, 0.0455609, 0, 0, 0, 0, 0, 0, 0, 0, 0, 0, 0, 0, 0
3.123, 0.0456964, 0, 0, 0, 0, 0, 0, 0, 0, 0, 0, 0, 0, 0
3.124, 0.0456966, 0, 0, 0, 0, 0, 0, 0, 0, 0, 0, 0, 0, 0
3.13, 0.0455641, 0, 0, 0, 0, 0, 0, 0, 0, 0, 0, 0, 0, 0
3.142, 0.0447054, 0, 0, 0, 0, 0, 0, 0, 0, 0, 0, 0, 0, 0
3.153, 0.0435064, 0, 0, 0, 0, 0, 0, 0, 0, 0, 0, 0, 0, 0
3.158, 0.0429345, 0, 0, 0, 0, 0, 0, 0, 0, 0, 0, 0, 0, 0
3.163, 0.0423905, 0, 0, 0, 0, 0, 0, 0, 0, 0, 0, 0, 0, 0
3.168, 0.0418998, 0, 0, 0, 0, 0, 0, 0, 0, 0, 0, 0, 0, 0
3.174, 0.0414097, 0, 0, 0, 0, 0, 0, 0, 0, 0, 0, 0, 0, 0
3.175, 0.0413402, 0, 0, 0, 0, 0, 0, 0, 0, 0, 0, 0, 0, 0
3.181, 0.0410039, 0, 0, 0, 0, 0, 0, 0, 0, 0, 0, 0, 0, 0
3.185, 0.0408612, 0, 0, 0, 0, 0, 0, 0, 0, 0, 0, 0, 0, 0
3.191, 0.0407752, 0, 0, 0, 0, 0, 0, 0, 0, 0, 0, 0, 0, 0
3.196, 0.0408227, 0, 0, 0, 0, 0, 0, 0, 0, 0, 0, 0, 0, 0
3.202, 0.0410215, 0, 0, 0, 0, 0, 0, 0, 0, 0, 0, 0, 0, 0
3.208, 0.0413681, 0, 0, 0, 0, 0, 0, 0, 0, 0, 0, 0, 0, 0
3.214, 0.0418483, 0, 0, 0, 0, 0, 0, 0, 0, 0, 0, 0, 0, 0
3.22, 0.0424381, 0, 0, 0, 0, 0, 0, 0, 0, 0, 0, 0, 0, 0
3.227, 0.0432174, 0, 0, 0, 0, 0, 0, 0, 0, 0, 0, 0, 0, 0
3.233, 0.0439084, 0, 0, 0, 0, 0, 0, 0, 0, 0, 0, 0, 0, 0
3.238, 0.0444563, 0, 0, 0, 0, 0, 0, 0, 0, 0, 0, 0, 0, 0
3.244, 0.0450267, 0, 0, 0, 0, 0, 0, 0, 0, 0, 0, 0, 0, 0
3.249, 0.0453892, 0, 0, 0, 0, 0, 0, 0, 0, 0, 0, 0, 0, 0
3.254, 0.045619, 0, 0, 0, 0, 0, 0, 0, 0, 0, 0, 0, 0, 0
3.26, 0.0456942, 0, 0, 0, 0, 0, 0, 0, 0, 0, 0, 0, 0, 0
3.266, 0.0455425, 0, 0, 0, 0, 0, 0, 0, 0, 0, 0, 0, 0, 0
3.271, 0.0452532, 0, 0, 0, 0, 0, 0, 0, 0, 0, 0, 0, 0, 0
3.277, 0.0447442, 0, 0, 0, 0, 0, 0, 0, 0, 0, 0, 0, 0, 0
3.278, 0.0446456, 0, 0, 0, 0, 0, 0, 0, 0, 0, 0, 0, 0, 0
3.284, 0.043996, 0, 0, 0, 0, 0, 0, 0, 0, 0, 0, 0, 0, 0
3.29, 0.0432917, 0, 0, 0, 0, 0, 0, 0, 0, 0, 0, 0, 0, 0
3.295, 0.0427044, 0, 0, 0, 0, 0, 0, 0, 0, 0, 0, 0, 0, 0
3.3, 0.0421467, 0, 0, 0, 0, 0, 0, 0, 0, 0, 0, 0, 0, 0
3.306, 0.0415455, 0, 0, 0, 0, 0, 0, 0, 0, 0, 0, 0, 0, 0
3.311, 0.0411172, 0, 0, 0, 0, 0, 0, 0, 0, 0, 0, 0, 0, 0
3.317, 0.0407011, 0, 0, 0, 0, 0, 0, 0, 0, 0, 0, 0, 0, 0
3.329, 0.0402011, 0, 0, 0, 0, 0, 0, 0, 0, 0, 0, 0, 0, 0
3.336, 0.0401119, 0, 0, 0, 0, 0, 0, 0, 0, 0, 0, 0, 0, 0
3.342, 0.0401544, 0, 0, 0, 0, 0, 0, 0, 0, 0, 0, 0, 0, 0
3.347, 0.0402758, 0, 0, 0, 0, 0, 0, 0, 0, 0, 0, 0, 0, 0
3.352, 0.040478, 0, 0, 0, 0, 0, 0, 0, 0, 0, 0, 0, 0, 0
3.358, 0.0408304, 0, 0, 0, 0, 0, 0, 0, 0, 0, 0, 0, 0, 0
3.364, 0.0413019, 0, 0, 0, 0, 0, 0, 0, 0, 0, 0, 0, 0, 0
3.369, 0.0417801, 0, 0, 0, 0, 0, 0, 0, 0, 0, 0, 0, 0, 0
3.37, 0.041884, 0, 0, 0, 0, 0, 0, 0, 0, 0, 0, 0, 0, 0
3.375, 0.0424388, 0, 0, 0, 0, 0, 0, 0, 0, 0, 0, 0, 0, 0
3.381, 0.0431583, 0, 0, 0, 0, 0, 0, 0, 0, 0, 0, 0, 0, 0
3.387, 0.0438906, 0, 0, 0, 0, 0, 0, 0, 0, 0, 0, 0, 0, 0
3.392, 0.0444683, 0, 0, 0, 0, 0, 0, 0, 0, 0, 0, 0, 0, 0
3.398, 0.0450673, 0, 0, 0, 0, 0, 0, 0, 0, 0, 0, 0, 0, 0
3.404, 0.0455072, 0, 0, 0, 0, 0, 0, 0, 0, 0, 0, 0, 0, 0
3.416, 0.0457473, 0, 0, 0, 0, 0, 0, 0, 0, 0, 0, 0, 0, 0
3.423, 0.0454671, 0, 0, 0, 0, 0, 0, 0, 0, 0, 0, 0, 0, 0
3.429, 0.0450161, 0, 0, 0, 0, 0, 0, 0, 0, 0, 0, 0, 0, 0
3.435, 0.0444231, 0, 0, 0, 0, 0, 0, 0, 0, 0, 0, 0, 0, 0
3.44, 0.0438641, 0, 0, 0, 0, 0, 0, 0, 0, 0, 0, 0, 0, 0
3.445, 0.0432845, 0, 0, 0, 0, 0, 0, 0, 0, 0, 0, 0, 0, 0
3.451, 0.042608, 0, 0, 0, 0, 0, 0, 0, 0, 0, 0, 0, 0, 0
3.457, 0.0419978, 0, 0, 0, 0, 0, 0, 0, 0, 0, 0, 0, 0, 0
3.462, 0.0415674, 0, 0, 0, 0, 0, 0, 0, 0, 0, 0, 0, 0, 0
3.468, 0.0411675, 0, 0, 0, 0, 0, 0, 0, 0, 0, 0, 0, 0, 0
3.474, 0.0409112, 0, 0, 0, 0, 0, 0, 0, 0, 0, 0, 0, 0, 0
3.475, 0.0408833, 0, 0, 0, 0, 0, 0, 0, 0, 0, 0, 0, 0, 0
3.481, 0.0408065, 0, 0, 0, 0, 0, 0, 0, 0, 0, 0, 0, 0, 0
3.487, 0.040887, 0, 0, 0, 0, 0, 0, 0, 0, 0, 0, 0, 0, 0
3.498, 0.0414303, 0, 0, 0, 0, 0, 0, 0, 0, 0, 0, 0, 0, 0
3.509, 0.0424139, 0, 0, 0, 0, 0, 0, 0, 0, 0, 0, 0, 0, 0
3.515, 0.0430757, 0, 0, 0, 0, 0, 0, 0, 0, 0, 0, 0, 0, 0
3.52, 0.0436544, 0, 0, 0, 0, 0, 0, 0, 0, 0, 0, 0, 0, 0
3.525, 0.0442232, 0, 0, 0, 0, 0, 0, 0, 0, 0, 0, 0, 0, 0
3.526, 0.0443327, 0, 0, 0, 0, 0, 0, 0, 0, 0, 0, 0, 0, 0
3.531, 0.0448426, 0, 0, 0, 0, 0, 0, 0, 0, 0, 0, 0, 0, 0
3.536, 0.0452642, 0, 0, 0, 0, 0, 0, 0, 0, 0, 0, 0, 0, 0
3.542, 0.0456094, 0, 0, 0, 0, 0, 0, 0, 0, 0, 0, 0, 0, 0
3.548, 0.0457429, 0, 0, 0, 0, 0, 0, 0, 0, 0, 0, 0, 0, 0
3.553, 0.0456796, 0, 0, 0, 0, 0, 0, 0, 0, 0, 0, 0, 0, 0
3.558, 0.0454616, 0, 0, 0, 0, 0, 0, 0, 0, 0, 0, 0, 0, 0
3.563, 0.045105, 0, 0, 0, 0, 0, 0, 0, 0, 0, 0, 0, 0, 0
3.568, 0.0446374, 0, 0, 0, 0, 0, 0, 0, 0, 0, 0, 0, 0, 0
3.569, 0.0445334, 0, 0, 0, 0, 0, 0, 0, 0, 0, 0, 0, 0, 0
3.575, 0.0438598, 0, 0, 0, 0, 0, 0, 0, 0, 0, 0, 0, 0, 0
3.581, 0.0431456, 0, 0, 0, 0, 0, 0, 0, 0, 0, 0, 0, 0, 0
3.586, 0.0425597, 0, 0, 0, 0, 0, 0, 0, 0, 0, 0, 0, 0, 0
3.592, 0.0419067, 0, 0, 0, 0, 0, 0, 0, 0, 0, 0, 0, 0, 0
3.604, 0.0408718, 0, 0, 0, 0, 0, 0, 0, 0, 0, 0, 0, 0, 0
3.616, 0.0402725, 0, 0, 0, 0, 0, 0, 0, 0, 0, 0, 0, 0, 0
3.622, 0.0401394, 0, 0, 0, 0, 0, 0, 0, 0, 0, 0, 0, 0, 0
3.623, 0.0401278, 0, 0, 0, 0, 0, 0, 0, 0, 0, 0, 0, 0, 0
3.629, 0.0401229, 0, 0, 0, 0, 0, 0, 0, 0, 0, 0, 0, 0, 0
3.635, 0.0402298, 0, 0, 0, 0, 0, 0, 0, 0, 0, 0, 0, 0, 0
3.64, 0.0404072, 0, 0, 0, 0, 0, 0, 0, 0, 0, 0, 0, 0, 0
3.646, 0.0407295, 0, 0, 0, 0, 0, 0, 0, 0, 0, 0, 0, 0, 0
3.651, 0.0410901, 0, 0, 0, 0, 0, 0, 0, 0, 0, 0, 0, 0, 0
3.656, 0.0415315, 0, 0, 0, 0, 0, 0, 0, 0, 0, 0, 0, 0, 0
3.662, 0.0421557, 0, 0, 0, 0, 0, 0, 0, 0, 0, 0, 0, 0, 0
3.667, 0.0427364, 0, 0, 0, 0, 0, 0, 0, 0, 0, 0, 0, 0, 0
3.673, 0.0434705, 0, 0, 0, 0, 0, 0, 0, 0, 0, 0, 0, 0, 0
3.674, 0.0435935, 0, 0, 0, 0, 0, 0, 0, 0, 0, 0, 0, 0, 0
3.68, 0.0443101, 0, 0, 0, 0, 0, 0, 0, 0, 0, 0, 0, 0, 0
3.686, 0.0449441, 0, 0, 0, 0, 0, 0, 0, 0, 0, 0, 0, 0, 0
3.691, 0.0453643, 0, 0, 0, 0, 0, 0, 0, 0, 0, 0, 0, 0, 0
3.697, 0.0456934, 0, 0, 0, 0, 0, 0, 0, 0, 0, 0, 0, 0, 0
3.709, 0.0456737, 0, 0, 0, 0, 0, 0, 0, 0, 0, 0, 0, 0, 0
3.72, 0.0449118, 0, 0, 0, 0, 0, 0, 0, 0, 0, 0, 0, 0, 0
3.725, 0.044402, 0, 0, 0, 0, 0, 0, 0, 0, 0, 0, 0, 0, 0
3.726, 0.0442925, 0, 0, 0, 0, 0, 0, 0, 0, 0, 0, 0, 0, 0
3.732, 0.043606, 0, 0, 0, 0, 0, 0, 0, 0, 0, 0, 0, 0, 0
3.738, 0.0429133, 0, 0, 0, 0, 0, 0, 0, 0, 0, 0, 0, 0, 0
3.743, 0.0423699, 0, 0, 0, 0, 0, 0, 0, 0, 0, 0, 0, 0, 0
3.749, 0.0417957, 0, 0, 0, 0, 0, 0, 0, 0, 0, 0, 0, 0, 0
3.754, 0.0414046, 0, 0, 0, 0, 0, 0, 0, 0, 0, 0, 0, 0, 0
3.76, 0.0410596, 0, 0, 0, 0, 0, 0, 0, 0, 0, 0, 0, 0, 0
3.766, 0.0408634, 0, 0, 0, 0, 0, 0, 0, 0, 0, 0, 0, 0, 0
3.771, 0.0408188, 0, 0, 0, 0, 0, 0, 0, 0, 0, 0, 0, 0, 0
3.777, 0.0409099, 0, 0, 0, 0, 0, 0, 0, 0, 0, 0, 0, 0, 0
3.788, 0.0414719, 0, 0, 0, 0, 0, 0, 0, 0, 0, 0, 0, 0, 0
3.793, 0.0418801, 0, 0, 0, 0, 0, 0, 0, 0, 0, 0, 0, 0, 0
3.798, 0.0423656, 0, 0, 0, 0, 0, 0, 0, 0, 0, 0, 0, 0, 0
3.804, 0.0430223, 0, 0, 0, 0, 0, 0, 0, 0, 0, 0, 0, 0, 0
3.81, 0.0437166, 0, 0, 0, 0, 0, 0, 0, 0, 0, 0, 0, 0, 0
3.816, 0.0443924, 0, 0, 0, 0, 0, 0, 0, 0, 0, 0, 0, 0, 0
3.822, 0.0449878, 0, 0, 0, 0, 0, 0, 0, 0, 0, 0, 0, 0, 0
3.823, 0.0450749, 0, 0, 0, 0, 0, 0, 0, 0, 0, 0, 0, 0, 0
3.828, 0.0454423, 0, 0, 0, 0, 0, 0, 0, 0, 0, 0, 0, 0, 0
3.834, 0.0457059, 0, 0, 0, 0, 0, 0, 0, 0, 0, 0, 0, 0, 0
3.839, 0.0457566, 0, 0, 0, 0, 0, 0, 0, 0, 0, 0, 0, 0, 0
3.845, 0.0456077, 0, 0, 0, 0, 0, 0, 0, 0, 0, 0, 0, 0, 0
3.85, 0.0453189, 0, 0, 0, 0, 0, 0, 0, 0, 0, 0, 0, 0, 0
3.856, 0.0448082, 0, 0, 0, 0, 0, 0, 0, 0, 0, 0, 0, 0, 0
3.862, 0.0441693, 0, 0, 0, 0, 0, 0, 0, 0, 0, 0, 0, 0, 0
3.874, 0.0427498, 0, 0, 0, 0, 0, 0, 0, 0, 0, 0, 0, 0, 0
3.875, 0.0426337, 0, 0, 0, 0, 0, 0, 0, 0, 0, 0, 0, 0, 0
3.88, 0.0420776, 0, 0, 0, 0, 0, 0, 0, 0, 0, 0, 0, 0, 0
3.885, 0.0415754, 0, 0, 0, 0, 0, 0, 0, 0, 0, 0, 0, 0, 0
3.891, 0.0410623, 0, 0, 0, 0, 0, 0, 0, 0, 0, 0, 0, 0, 0
3.896, 0.0407174, 0, 0, 0, 0, 0, 0, 0, 0, 0, 0, 0, 0, 0
3.902, 0.0404061, 0, 0, 0, 0, 0, 0, 0, 0, 0, 0, 0, 0, 0
3.907, 0.0402322, 0, 0, 0, 0, 0, 0, 0, 0, 0, 0, 0, 0, 0
3.913, 0.0401246, 0, 0, 0, 0, 0, 0, 0, 0, 0, 0, 0, 0, 0
3.918, 0.0401191, 0, 0, 0, 0, 0, 0, 0, 0, 0, 0, 0, 0, 0
3.924, 0.0402151, 0, 0, 0, 0, 0, 0, 0, 0, 0, 0, 0, 0, 0
3.925, 0.0402422, 0, 0, 0, 0, 0, 0, 0, 0, 0, 0, 0, 0, 0
3.931, 0.0404735, 0, 0, 0, 0, 0, 0, 0, 0, 0, 0, 0, 0, 0
3.937, 0.0408247, 0, 0, 0, 0, 0, 0, 0, 0, 0, 0, 0, 0, 0
3.943, 0.0412959, 0, 0, 0, 0, 0, 0, 0, 0, 0, 0, 0, 0, 0
3.949, 0.0418784, 0, 0, 0, 0, 0, 0, 0, 0, 0, 0, 0, 0, 0
3.955, 0.0425516, 0, 0, 0, 0, 0, 0, 0, 0, 0, 0, 0, 0, 0
3.961, 0.0432798, 0, 0, 0, 0, 0, 0, 0, 0, 0, 0, 0, 0, 0
3.967, 0.0440133, 0, 0, 0, 0, 0, 0, 0, 0, 0, 0, 0, 0, 0
3.974, 0.0447948, 0, 0, 0, 0, 0, 0, 0, 0, 0, 0, 0, 0, 0
3.979, 0.0452511, 0, 0, 0, 0, 0, 0, 0, 0, 0, 0, 0, 0, 0
3.984, 0.0455852, 0, 0, 0, 0, 0, 0, 0, 0, 0, 0, 0, 0, 0
3.99, 0.0457912, 0, 0, 0, 0, 0, 0, 0, 0, 0, 0, 0, 0, 0
3.995, 0.0457855, 0, 0, 0, 0, 0, 0, 0, 0, 0, 0, 0, 0, 0
4.001, 0.0455691, 0, 0, 0, 0, 0, 0, 0, 0, 0, 0, 0, 0, 0
4.006, 0.0452331, 0, 0, 0, 0, 0, 0, 0, 0, 0, 0, 0, 0, 0
4.011, 0.0447838, 0, 0, 0, 0, 0, 0, 0, 0, 0, 0, 0, 0, 0
4.016, 0.0442548, 0, 0, 0, 0, 0, 0, 0, 0, 0, 0, 0, 0, 0
4.022, 0.0435656, 0, 0, 0, 0, 0, 0, 0, 0, 0, 0, 0, 0, 0
4.023, 0.043449, 0, 0, 0, 0, 0, 0, 0, 0, 0, 0, 0, 0, 0
4.029, 0.0427624, 0, 0, 0, 0, 0, 0, 0, 0, 0, 0, 0, 0, 0
4.035, 0.0421334, 0, 0, 0, 0, 0, 0, 0, 0, 0, 0, 0, 0, 0
4.041, 0.041602, 0, 0, 0, 0, 0, 0, 0, 0, 0, 0, 0, 0, 0
4.047, 0.0411964, 0, 0, 0, 0, 0, 0, 0, 0, 0, 0, 0, 0, 0
4.058, 0.0408331, 0, 0, 0, 0, 0, 0, 0, 0, 0, 0, 0, 0, 0
4.069, 0.040995, 0, 0, 0, 0, 0, 0, 0, 0, 0, 0, 0, 0, 0
4.076, 0.0413656, 0, 0, 0, 0, 0, 0, 0, 0, 0, 0, 0, 0, 0
4.081, 0.0417459, 0, 0, 0, 0, 0, 0, 0, 0, 0, 0, 0, 0, 0
4.087, 0.0423098, 0, 0, 0, 0, 0, 0, 0, 0, 0, 0, 0, 0, 0
4.093, 0.0429602, 0, 0, 0, 0, 0, 0, 0, 0, 0, 0, 0, 0, 0
4.098, 0.0435371, 0, 0, 0, 0, 0, 0, 0, 0, 0, 0, 0, 0, 0
4.103, 0.044112, 0, 0, 0, 0, 0, 0, 0, 0, 0, 0, 0, 0, 0
4.108, 0.0446498, 0, 0, 0, 0, 0, 0, 0, 0, 0, 0, 0, 0, 0
4.113, 0.0451144, 0, 0, 0, 0, 0, 0, 0, 0, 0, 0, 0, 0, 0
4.117, 0.0454104, 0, 0, 0, 0, 0, 0, 0, 0, 0, 0, 0, 0, 0
4.123, 0.0456943, 0, 0, 0, 0, 0, 0, 0, 0, 0, 0, 0, 0, 0
4.124, 0.0457208, 0, 0, 0, 0, 0, 0, 0, 0, 0, 0, 0, 0, 0
4.13, 0.0457466, 0, 0, 0, 0, 0, 0, 0, 0, 0, 0, 0, 0, 0
4.136, 0.045545, 0, 0, 0, 0, 0, 0, 0, 0, 0, 0, 0, 0, 0
4.142, 0.0451368, 0, 0, 0, 0, 0, 0, 0, 0, 0, 0, 0, 0, 0
4.148, 0.0445671, 0, 0, 0, 0, 0, 0, 0, 0, 0, 0, 0, 0, 0
4.16, 0.0431774, 0, 0, 0, 0, 0, 0, 0, 0, 0, 0, 0, 0, 0
4.171, 0.0419317, 0, 0, 0, 0, 0, 0, 0, 0, 0, 0, 0, 0, 0
4.177, 0.0413583, 0, 0, 0, 0, 0, 0, 0, 0, 0, 0, 0, 0, 0
4.178, 0.0412724, 0, 0, 0, 0, 0, 0, 0, 0, 0, 0, 0, 0, 0
4.183, 0.0408876, 0, 0, 0, 0, 0, 0, 0, 0, 0, 0, 0, 0, 0
4.188, 0.0405799, 0, 0, 0, 0, 0, 0, 0, 0, 0, 0, 0, 0, 0
4.194, 0.0403135, 0, 0, 0, 0, 0, 0, 0, 0, 0, 0, 0, 0, 0
4.199, 0.0401765, 0, 0, 0, 0, 0, 0, 0, 0, 0, 0, 0, 0, 0
4.205, 0.0401132, 0, 0, 0, 0, 0, 0, 0, 0, 0, 0, 0, 0, 0
4.211, 0.0401606, 0, 0, 0, 0, 0, 0, 0, 0, 0, 0, 0, 0, 0
4.217, 0.0403219, 0, 0, 0, 0, 0, 0, 0, 0, 0, 0, 0, 0, 0
4.222, 0.0405463, 0, 0, 0, 0, 0, 0, 0, 0, 0, 0, 0, 0, 0
4.227, 0.0408544, 0, 0, 0, 0, 0, 0, 0, 0, 0, 0, 0, 0, 0
4.228, 0.0409261, 0, 0, 0, 0, 0, 0, 0, 0, 0, 0, 0, 0, 0
4.234, 0.0414248, 0, 0, 0, 0, 0, 0, 0, 0, 0, 0, 0, 0, 0
4.246, 0.0427212, 0, 0, 0, 0, 0, 0, 0, 0, 0, 0, 0, 0, 0
4.258, 0.0441821, 0, 0, 0, 0, 0, 0, 0, 0, 0, 0, 0, 0, 0
4.264, 0.0448381, 0, 0, 0, 0, 0, 0, 0, 0, 0, 0, 0, 0, 0
4.268, 0.0452052, 0, 0, 0, 0, 0, 0, 0, 0, 0, 0, 0, 0, 0
4.273, 0.0455552, 0, 0, 0, 0, 0, 0, 0, 0, 0, 0, 0, 0, 0
4.279, 0.0457831, 0, 0, 0, 0, 0, 0, 0, 0, 0, 0, 0, 0, 0
4.28, 0.045799, 0, 0, 0, 0, 0, 0, 0, 0, 0, 0, 0, 0, 0
4.286, 0.0457567, 0, 0, 0, 0, 0, 0, 0, 0, 0, 0, 0, 0, 0
4.291, 0.0455487, 0, 0, 0, 0, 0, 0, 0, 0, 0, 0, 0, 0, 0
4.297, 0.0451187, 0, 0, 0, 0, 0, 0, 0, 0, 0, 0, 0, 0, 0
4.303, 0.0445389, 0, 0, 0, 0, 0, 0, 0, 0, 0, 0, 0, 0, 0
4.309, 0.0438691, 0, 0, 0, 0, 0, 0, 0, 0, 0, 0, 0, 0, 0
4.315, 0.0431716, 0, 0, 0, 0, 0, 0, 0, 0, 0, 0, 0, 0, 0
4.321, 0.0425027, 0, 0, 0, 0, 0, 0, 0, 0, 0, 0, 0, 0, 0
4.326, 0.0420009, 0, 0, 0, 0, 0, 0, 0, 0, 0, 0, 0, 0, 0
4.333, 0.0414251, 0, 0, 0, 0, 0, 0, 0, 0, 0, 0, 0, 0, 0
4.339, 0.0410755, 0, 0, 0, 0, 0, 0, 0, 0, 0, 0, 0, 0, 0
4.345, 0.0408744, 0, 0, 0, 0, 0, 0, 0, 0, 0, 0, 0, 0, 0
4.35, 0.0408258, 0, 0, 0, 0, 0, 0, 0, 0, 0, 0, 0, 0, 0
4.355, 0.0408867, 0, 0, 0, 0, 0, 0, 0, 0, 0, 0, 0, 0, 0
4.36, 0.041056, 0, 0, 0, 0, 0, 0, 0, 0, 0, 0, 0, 0, 0
4.365, 0.0413292, 0, 0, 0, 0, 0, 0, 0, 0, 0, 0, 0, 0, 0
4.37, 0.0416988, 0, 0, 0, 0, 0, 0, 0, 0, 0, 0, 0, 0, 0
4.376, 0.0422522, 0, 0, 0, 0, 0, 0, 0, 0, 0, 0, 0, 0, 0
4.382, 0.0428957, 0, 0, 0, 0, 0, 0, 0, 0, 0, 0, 0, 0, 0
4.383, 0.043009, 0, 0, 0, 0, 0, 0, 0, 0, 0, 0, 0, 0, 0
4.389, 0.0437029, 0, 0, 0, 0, 0, 0, 0, 0, 0, 0, 0, 0, 0
4.395, 0.0443799, 0, 0, 0, 0, 0, 0, 0, 0, 0, 0, 0, 0, 0
4.401, 0.0449783, 0, 0, 0, 0, 0, 0, 0, 0, 0, 0, 0, 0, 0
4.407, 0.0454375, 0, 0, 0, 0, 0, 0, 0, 0, 0, 0, 0, 0, 0
4.419, 0.045755, 0, 0, 0, 0, 0, 0, 0, 0, 0, 0, 0, 0, 0
4.43, 0.0452632, 0, 0, 0, 0, 0, 0, 0, 0, 0, 0, 0, 0, 0
4.435, 0.0448298, 0, 0, 0, 0, 0, 0, 0, 0, 0, 0, 0, 0, 0
4.436, 0.0447311, 0, 0, 0, 0, 0, 0, 0, 0, 0, 0, 0, 0, 0
4.442, 0.044079, 0, 0, 0, 0, 0, 0, 0, 0, 0, 0, 0, 0, 0
4.447, 0.0434883, 0, 0, 0, 0, 0, 0, 0, 0, 0, 0, 0, 0, 0
4.453, 0.0427737, 0, 0, 0, 0, 0, 0, 0, 0, 0, 0, 0, 0, 0
4.459, 0.0420993, 0, 0, 0, 0, 0, 0, 0, 0, 0, 0, 0, 0, 0
4.465, 0.0415014, 0, 0, 0, 0, 0, 0, 0, 0, 0, 0, 0, 0, 0
4.47, 0.0410781, 0, 0, 0, 0, 0, 0, 0, 0, 0, 0, 0, 0, 0
4.476, 0.0406699, 0, 0, 0, 0, 0, 0, 0, 0, 0, 0, 0, 0, 0
4.482, 0.0403739, 0, 0, 0, 0, 0, 0, 0, 0, 0, 0, 0, 0, 0
4.489, 0.0401695, 0, 0, 0, 0, 0, 0, 0, 0, 0, 0, 0, 0, 0
4.501, 0.0401689, 0, 0, 0, 0, 0, 0, 0, 0, 0, 0, 0, 0, 0
4.507, 0.0403382, 0, 0, 0, 0, 0, 0, 0, 0, 0, 0, 0, 0, 0
4.512, 0.0405695, 0, 0, 0, 0, 0, 0, 0, 0, 0, 0, 0, 0, 0
4.517, 0.0408846, 0, 0, 0, 0, 0, 0, 0, 0, 0, 0, 0, 0, 0
4.523, 0.041372, 0, 0, 0, 0, 0, 0, 0, 0, 0, 0, 0, 0, 0
4.528, 0.0418624, 0, 0, 0, 0, 0, 0, 0, 0, 0, 0, 0, 0, 0
4.533, 0.0424165, 0, 0, 0, 0, 0, 0, 0, 0, 0, 0, 0, 0, 0
4.534, 0.0425334, 0, 0, 0, 0, 0, 0, 0, 0, 0, 0, 0, 0, 0
4.538, 0.0430148, 0, 0, 0, 0, 0, 0, 0, 0, 0, 0, 0, 0, 0
4.543, 0.0436305, 0, 0, 0, 0, 0, 0, 0, 0, 0, 0, 0, 0, 0
4.549, 0.0443458, 0, 0, 0, 0, 0, 0, 0, 0, 0, 0, 0, 0, 0
4.555, 0.0449758, 0, 0, 0, 0, 0, 0, 0, 0, 0, 0, 0, 0, 0
4.56, 0.0453909, 0, 0, 0, 0, 0, 0, 0, 0, 0, 0, 0, 0, 0
4.572, 0.0458101, 0, 0, 0, 0, 0, 0, 0, 0, 0, 0, 0, 0, 0
4.583, 0.0453972, 0, 0, 0, 0, 0, 0, 0, 0, 0, 0, 0, 0, 0
4.584, 0.0453257, 0, 0, 0, 0, 0, 0, 0, 0, 0, 0, 0, 0, 0
4.59, 0.0448037, 0, 0, 0, 0, 0, 0, 0, 0, 0, 0, 0, 0, 0
4.595, 0.0442771, 0, 0, 0, 0, 0, 0, 0, 0, 0, 0, 0, 0, 0
4.601, 0.0435891, 0, 0, 0, 0, 0, 0, 0, 0, 0, 0, 0, 0, 0
4.606, 0.0430103, 0, 0, 0, 0, 0, 0, 0, 0, 0, 0, 0, 0, 0
4.611, 0.0424598, 0, 0, 0, 0, 0, 0, 0, 0, 0, 0, 0, 0, 0
4.617, 0.0418727, 0, 0, 0, 0, 0, 0, 0, 0, 0, 0, 0, 0, 0
4.623, 0.0413978, 0, 0, 0, 0, 0, 0, 0, 0, 0, 0, 0, 0, 0
4.629, 0.0410581, 0, 0, 0, 0, 0, 0, 0, 0, 0, 0, 0, 0, 0
4.634, 0.0408887, 0, 0, 0, 0, 0, 0, 0, 0, 0, 0, 0, 0, 0
4.635, 0.0408677, 0, 0, 0, 0, 0, 0, 0, 0, 0, 0, 0, 0, 0
4.641, 0.0408334, 0, 0, 0, 0, 0, 0, 0, 0, 0, 0, 0, 0, 0
4.647, 0.0409566, 0, 0, 0, 0, 0, 0, 0, 0, 0, 0, 0, 0, 0
4.658, 0.0415733, 0, 0, 0, 0, 0, 0, 0, 0, 0, 0, 0, 0, 0
4.663, 0.0420019, 0, 0, 0, 0, 0, 0, 0, 0, 0, 0, 0, 0, 0
4.668, 0.0425036, 0, 0, 0, 0, 0, 0, 0, 0, 0, 0, 0, 0, 0
4.673, 0.0430573, 0, 0, 0, 0, 0, 0, 0, 0, 0, 0, 0, 0, 0
4.678, 0.0436357, 0, 0, 0, 0, 0, 0, 0, 0, 0, 0, 0, 0, 0
4.683, 0.0442066, 0, 0, 0, 0, 0, 0, 0, 0, 0, 0, 0, 0, 0
4.684, 0.0443167, 0, 0, 0, 0, 0, 0, 0, 0, 0, 0, 0, 0, 0
4.69, 0.0449253, 0, 0, 0, 0, 0, 0, 0, 0, 0, 0, 0, 0, 0
4.695, 0.0453327, 0, 0, 0, 0, 0, 0, 0, 0, 0, 0, 0, 0, 0
4.7, 0.0456163, 0, 0, 0, 0, 0, 0, 0, 0, 0, 0, 0, 0, 0
4.705, 0.0457533, 0, 0, 0, 0, 0, 0, 0, 0, 0, 0, 0, 0, 0
4.71, 0.0457322, 0, 0, 0, 0, 0, 0, 0, 0, 0, 0, 0, 0, 0
4.715, 0.0455539, 0, 0, 0, 0, 0, 0, 0, 0, 0, 0, 0, 0, 0
4.72, 0.0452309, 0, 0, 0, 0, 0, 0, 0, 0, 0, 0, 0, 0, 0
4.725, 0.0447887, 0, 0, 0, 0, 0, 0, 0, 0, 0, 0, 0, 0, 0
4.726, 0.0446887, 0, 0, 0, 0, 0, 0, 0, 0, 0, 0, 0, 0, 0
4.732, 0.0440308, 0, 0, 0, 0, 0, 0, 0, 0, 0, 0, 0, 0, 0
4.738, 0.0433185, 0, 0, 0, 0, 0, 0, 0, 0, 0, 0, 0, 0, 0
4.749, 0.0420554, 0, 0, 0, 0, 0, 0, 0, 0, 0, 0, 0, 0, 0
4.761, 0.0409723, 0, 0, 0, 0, 0, 0, 0, 0, 0, 0, 0, 0, 0
4.766, 0.0406464, 0, 0, 0, 0, 0, 0, 0, 0, 0, 0, 0, 0, 0
4.772, 0.0403582, 0, 0, 0, 0, 0, 0, 0, 0, 0, 0, 0, 0, 0
4.778, 0.0401816, 0, 0, 0, 0, 0, 0, 0, 0, 0, 0, 0, 0, 0
4.779, 0.0401629, 0, 0, 0, 0, 0, 0, 0, 0, 0, 0, 0, 0, 0
4.785, 0.0401148, 0, 0, 0, 0, 0, 0, 0, 0, 0, 0, 0, 0, 0
4.79, 0.0401595, 0, 0, 0, 0, 0, 0, 0, 0, 0, 0, 0, 0, 0
4.795, 0.0402831, 0, 0, 0, 0, 0, 0, 0, 0, 0, 0, 0, 0, 0
4.801, 0.0405391, 0, 0, 0, 0, 0, 0, 0, 0, 0, 0, 0, 0, 0
4.806, 0.0408445, 0, 0, 0, 0, 0, 0, 0, 0, 0, 0, 0, 0, 0
4.811, 0.0412331, 0, 0, 0, 0, 0, 0, 0, 0, 0, 0, 0, 0, 0
4.816, 0.0417003, 0, 0, 0, 0, 0, 0, 0, 0, 0, 0, 0, 0, 0
4.822, 0.0423499, 0, 0, 0, 0, 0, 0, 0, 0, 0, 0, 0, 0, 0
4.828, 0.0430663, 0, 0, 0, 0, 0, 0, 0, 0, 0, 0, 0, 0, 0
4.829, 0.0431892, 0, 0, 0, 0, 0, 0, 0, 0, 0, 0, 0, 0, 0
4.835, 0.0439249, 0, 0, 0, 0, 0, 0, 0, 0, 0, 0, 0, 0, 0
4.841, 0.0446133, 0, 0, 0, 0, 0, 0, 0, 0, 0, 0, 0, 0, 0
4.853, 0.0455992, 0, 0, 0, 0, 0, 0, 0, 0, 0, 0, 0, 0, 0
4.858, 0.0457789, 0, 0, 0, 0, 0, 0, 0, 0, 0, 0, 0, 0, 0
4.864, 0.0457822, 0, 0, 0, 0, 0, 0, 0, 0, 0, 0, 0, 0, 0
4.87, 0.0455572, 0, 0, 0, 0, 0, 0, 0, 0, 0, 0, 0, 0, 0
4.875, 0.0452153, 0, 0, 0, 0, 0, 0, 0, 0, 0, 0, 0, 0, 0
4.876, 0.0451325, 0, 0, 0, 0, 0, 0, 0, 0, 0, 0, 0, 0, 0
4.881, 0.0446606, 0, 0, 0, 0, 0, 0, 0, 0, 0, 0, 0, 0, 0
4.886, 0.0441178, 0, 0, 0, 0, 0, 0, 0, 0, 0, 0, 0, 0, 0
4.891, 0.0435404, 0, 0, 0, 0, 0, 0, 0, 0, 0, 0, 0, 0, 0
4.897, 0.0428503, 0, 0, 0, 0, 0, 0, 0, 0, 0, 0, 0, 0, 0
4.903, 0.0422122, 0, 0, 0, 0, 0, 0, 0, 0, 0, 0, 0, 0, 0
4.909, 0.0416671, 0, 0, 0, 0, 0, 0, 0, 0, 0, 0, 0, 0, 0
4.914, 0.0413056, 0, 0, 0, 0, 0, 0, 0, 0, 0, 0, 0, 0, 0
4.919, 0.041041, 0, 0, 0, 0, 0, 0, 0, 0, 0, 0, 0, 0, 0
4.92, 0.0410004, 0, 0, 0, 0, 0, 0, 0, 0, 0, 0, 0, 0, 0
4.926, 0.0408465, 0, 0, 0, 0, 0, 0, 0, 0, 0, 0, 0, 0, 0
4.93, 0.0408311, 0, 0, 0, 0, 0, 0, 0, 0, 0, 0, 0, 0, 0
4.935, 0.0409103, 0, 0, 0, 0, 0, 0, 0, 0, 0, 0, 0, 0, 0
4.94, 0.0410971, 0, 0, 0, 0, 0, 0, 0, 0, 0, 0, 0, 0, 0
4.945, 0.041387, 0, 0, 0, 0, 0, 0, 0, 0, 0, 0, 0, 0, 0
4.951, 0.0418586, 0, 0, 0, 0, 0, 0, 0, 0, 0, 0, 0, 0, 0
4.957, 0.042443, 0, 0, 0, 0, 0, 0, 0, 0, 0, 0, 0, 0, 0
4.962, 0.0429916, 0, 0, 0, 0, 0, 0, 0, 0, 0, 0, 0, 0, 0
4.968, 0.0436846, 0, 0, 0, 0, 0, 0, 0, 0, 0, 0, 0, 0, 0
4.972, 0.0441418, 0, 0, 0, 0, 0, 0, 0, 0, 0, 0, 0, 0, 0
4.977, 0.0446762, 0, 0, 0, 0, 0, 0, 0, 0, 0, 0, 0, 0, 0
4.982, 0.0451355, 0, 0, 0, 0, 0, 0, 0, 0, 0, 0, 0, 0, 0
4.987, 0.0454862, 0, 0, 0, 0, 0, 0, 0, 0, 0, 0, 0, 0, 0
4.993, 0.0457258, 0, 0, 0, 0, 0, 0, 0, 0, 0, 0, 0, 0, 0
4.999, 0.0457418, 0, 0, 0, 0, 0, 0, 0, 0, 0, 0, 0, 0, 0
5.005, 0.045531, 0, 0, 0, 0, 0, 0, 0, 0, 0, 0, 0, 0, 0
